[
    {
        "id": "1",
        "title": "Possimus numquam minima.",
        "release": "2015-08-06",
        "duration": "0"
    },
    {
        "id": "10",
        "title": "Qui molestiae.",
        "release": "1985-06-20",
        "duration": "9"
    },
    {
        "id": "100",
        "title": "Tempore quia adipisci.",
        "release": "1971-09-21",
        "duration": "0"
    },
    {
        "id": "101",
        "title": "Maxime similique nisi.",
        "release": "2006-12-17",
        "duration": "2"
    },
    {
        "id": "102",
        "title": "Quidem quisquam.",
        "release": "2015-10-25",
        "duration": "4"
    },
    {
        "id": "103",
        "title": "Officia laboriosam natus.",
        "release": "1977-04-04",
        "duration": "5"
    },
    {
        "id": "104",
        "title": "Rerum quis dolorem.",
        "release": "1980-01-06",
        "duration": "7"
    },
    {
        "id": "105",
        "title": "Ipsum qui eum.",
        "release": "1986-05-23",
        "duration": "2"
    },
    {
        "id": "106",
        "title": "Facere non facere.",
        "release": "2005-10-15",
        "duration": "3"
    },
    {
        "id": "107",
        "title": "Culpa et.",
        "release": "2017-10-16",
        "duration": "1"
    },
    {
        "id": "108",
        "title": "Doloribus molestiae placeat.",
        "release": "1998-09-13",
        "duration": "5"
    },
    {
        "id": "109",
        "title": "Ipsam voluptas.",
        "release": "2019-08-15",
        "duration": "6"
    },
    {
        "id": "11",
        "title": "Quia omnis quisquam.",
        "release": "1986-02-11",
        "duration": "8"
    },
    {
        "id": "110",
        "title": "Doloribus qui ut.",
        "release": "1996-06-14",
        "duration": "3"
    },
    {
        "id": "111",
        "title": "Dolor quia quas.",
        "release": "2002-02-28",
        "duration": "5"
    },
    {
        "id": "112",
        "title": "Occaecati delectus.",
        "release": "1991-09-14",
        "duration": "1"
    },
    {
        "id": "113",
        "title": "Sint voluptatum ut.",
        "release": "2004-03-06",
        "duration": "0"
    },
    {
        "id": "114",
        "title": "Accusamus dolorem deleniti.",
        "release": "1997-08-01",
        "duration": "4"
    },
    {
        "id": "115",
        "title": "Dolor in sit.",
        "release": "2023-01-01",
        "duration": "7"
    },
    {
        "id": "116",
        "title": "Aut vel occaecati.",
        "release": "1988-08-02",
        "duration": "2"
    },
    {
        "id": "117",
        "title": "Odio repellendus.",
        "release": "2011-12-11",
        "duration": "3"
    },
    {
        "id": "118",
        "title": "Nihil illo.",
        "release": "1988-04-19",
        "duration": "6"
    },
    {
        "id": "119",
        "title": "Quia recusandae.",
        "release": "1995-07-07",
        "duration": "1"
    },
    {
        "id": "12",
        "title": "Ut temporibus.",
        "release": "1978-07-29",
        "duration": "3"
    },
    {
        "id": "120",
        "title": "A quia dolorum.",
        "release": "1991-10-31",
        "duration": "0"
    },
    {
        "id": "121",
        "title": "Ex culpa eligendi.",
        "release": "2013-02-05",
        "duration": "3"
    },
    {
        "id": "122",
        "title": "Repudiandae sunt rerum.",
        "release": "2023-05-28",
        "duration": "5"
    },
    {
        "id": "123",
        "title": "Quis voluptatem.",
        "release": "2020-03-11",
        "duration": "5"
    },
    {
        "id": "124",
        "title": "Iure et et.",
        "release": "2004-01-15",
        "duration": "3"
    },
    {
        "id": "125",
        "title": "Repellat cum.",
        "release": "1992-01-23",
        "duration": "3"
    },
    {
        "id": "126",
        "title": "Vel sit.",
        "release": "1983-01-26",
        "duration": "6"
    },
    {
        "id": "127",
        "title": "Cupiditate eligendi alias.",
        "release": "1986-11-15",
        "duration": "9"
    },
    {
        "id": "128",
        "title": "Debitis omnis.",
        "release": "2022-06-06",
        "duration": "7"
    },
    {
        "id": "129",
        "title": "Atque dolorum.",
        "release": "1983-08-12",
        "duration": "2"
    },
    {
        "id": "13",
        "title": "A nobis quibusdam.",
        "release": "1972-04-06",
        "duration": "4"
    },
    {
        "id": "130",
        "title": "Voluptatem fugiat.",
        "release": "1985-08-23",
        "duration": "0"
    },
    {
        "id": "131",
        "title": "Nihil explicabo minima.",
        "release": "1989-04-22",
        "duration": "1"
    },
    {
        "id": "132",
        "title": "Sit et molestiae.",
        "release": "1989-01-01",
        "duration": "0"
    },
    {
        "id": "133",
        "title": "Ut nihil.",
        "release": "1991-08-21",
        "duration": "4"
    },
    {
        "id": "134",
        "title": "Nobis eum.",
        "release": "1974-06-19",
        "duration": "1"
    },
    {
        "id": "135",
        "title": "Omnis repellat.",
        "release": "2004-10-19",
        "duration": "7"
    },
    {
        "id": "136",
        "title": "Sapiente aut voluptas.",
        "release": "2020-07-30",
        "duration": "5"
    },
    {
        "id": "137",
        "title": "Tenetur iure.",
        "release": "2011-11-24",
        "duration": "3"
    },
    {
        "id": "138",
        "title": "Quas rem.",
        "release": "2008-05-03",
        "duration": "4"
    },
    {
        "id": "139",
        "title": "Nisi sit ea.",
        "release": "2021-06-05",
        "duration": "8"
    },
    {
        "id": "14",
        "title": "Exercitationem nisi voluptatem.",
        "release": "2007-07-13",
        "duration": "3"
    },
    {
        "id": "140",
        "title": "Fuga quia magni.",
        "release": "1997-09-07",
        "duration": "7"
    },
    {
        "id": "141",
        "title": "In aliquid.",
        "release": "1975-07-17",
        "duration": "2"
    },
    {
        "id": "142",
        "title": "Sapiente nam dolores.",
        "release": "2017-02-17",
        "duration": "2"
    },
    {
        "id": "143",
        "title": "Perferendis et reprehenderit.",
        "release": "2003-05-23",
        "duration": "2"
    },
    {
        "id": "144",
        "title": "Animi voluptate.",
        "release": "1988-11-07",
        "duration": "2"
    },
    {
        "id": "145",
        "title": "Autem corporis.",
        "release": "2008-08-21",
        "duration": "8"
    },
    {
        "id": "146",
        "title": "Quidem mollitia quidem.",
        "release": "1974-11-30",
        "duration": "5"
    },
    {
        "id": "147",
        "title": "Exercitationem eum quod.",
        "release": "2024-01-23",
        "duration": "9"
    },
    {
        "id": "148",
        "title": "Consectetur commodi.",
        "release": "2009-08-20",
        "duration": "4"
    },
    {
        "id": "149",
        "title": "Ut non.",
        "release": "2020-04-03",
        "duration": "6"
    },
    {
        "id": "15",
        "title": "Ut blanditiis mollitia.",
        "release": "1980-04-10",
        "duration": "0"
    },
    {
        "id": "150",
        "title": "Tenetur exercitationem possimus.",
        "release": "1993-05-21",
        "duration": "2"
    },
    {
        "id": "151",
        "title": "Voluptatem et.",
        "release": "1988-02-02",
        "duration": "1"
    },
    {
        "id": "152",
        "title": "Itaque maiores reiciendis.",
        "release": "2023-09-18",
        "duration": "8"
    },
    {
        "id": "153",
        "title": "Ut mollitia quia.",
        "release": "1993-07-30",
        "duration": "1"
    },
    {
        "id": "154",
        "title": "Expedita aut.",
        "release": "1978-05-05",
        "duration": "6"
    },
    {
        "id": "155",
        "title": "Ut delectus.",
        "release": "2005-02-11",
        "duration": "1"
    },
    {
        "id": "156",
        "title": "Incidunt delectus autem.",
        "release": "1980-04-18",
        "duration": "2"
    },
    {
        "id": "157",
        "title": "Aut provident.",
        "release": "2021-08-07",
        "duration": "7"
    },
    {
        "id": "158",
        "title": "Illo ipsam praesentium.",
        "release": "1992-07-14",
        "duration": "5"
    },
    {
        "id": "159",
        "title": "Qui sit ipsa.",
        "release": "2012-04-16",
        "duration": "2"
    },
    {
        "id": "16",
        "title": "Error nulla nam.",
        "release": "1974-10-11",
        "duration": "6"
    },
    {
        "id": "160",
        "title": "Quae nihil.",
        "release": "1977-05-24",
        "duration": "3"
    },
    {
        "id": "161",
        "title": "Rerum doloremque fugiat.",
        "release": "2006-06-28",
        "duration": "8"
    },
    {
        "id": "162",
        "title": "Similique saepe.",
        "release": "2001-12-01",
        "duration": "5"
    },
    {
        "id": "163",
        "title": "Et voluptas et.",
        "release": "2020-02-23",
        "duration": "7"
    },
    {
        "id": "164",
        "title": "Id incidunt aliquam.",
        "release": "2015-08-18",
        "duration": "4"
    },
    {
        "id": "165",
        "title": "Consequatur molestiae corrupti.",
        "release": "1995-05-13",
        "duration": "7"
    },
    {
        "id": "166",
        "title": "Eos est ut.",
        "release": "2003-08-31",
        "duration": "7"
    },
    {
        "id": "167",
        "title": "Et fugit asperiores.",
        "release": "1983-03-19",
        "duration": "2"
    },
    {
        "id": "168",
        "title": "Aperiam laudantium.",
        "release": "1972-08-02",
        "duration": "3"
    },
    {
        "id": "169",
        "title": "Sapiente eaque.",
        "release": "2010-04-18",
        "duration": "2"
    },
    {
        "id": "17",
        "title": "Nisi animi.",
        "release": "1985-06-28",
        "duration": "7"
    },
    {
        "id": "170",
        "title": "Magnam numquam aut.",
        "release": "1993-07-12",
        "duration": "5"
    },
    {
        "id": "171",
        "title": "Animi voluptatum.",
        "release": "1990-06-21",
        "duration": "0"
    },
    {
        "id": "172",
        "title": "Vitae et.",
        "release": "1992-02-08",
        "duration": "4"
    },
    {
        "id": "173",
        "title": "Omnis dolor.",
        "release": "1987-11-14",
        "duration": "5"
    },
    {
        "id": "174",
        "title": "Dicta dignissimos consectetur.",
        "release": "2015-01-26",
        "duration": "2"
    },
    {
        "id": "175",
        "title": "Repellendus earum sint.",
        "release": "2007-08-24",
        "duration": "4"
    },
    {
        "id": "176",
        "title": "Ut consequuntur doloribus.",
        "release": "2009-03-18",
        "duration": "7"
    },
    {
        "id": "177",
        "title": "Ut quisquam.",
        "release": "1986-08-19",
        "duration": "8"
    },
    {
        "id": "178",
        "title": "Sed tempora molestias.",
        "release": "2003-11-08",
        "duration": "5"
    },
    {
        "id": "179",
        "title": "Debitis aperiam.",
        "release": "1985-06-27",
        "duration": "4"
    },
    {
        "id": "18",
        "title": "Quia molestias reprehenderit.",
        "release": "1972-11-14",
        "duration": "6"
    },
    {
        "id": "180",
        "title": "Impedit perspiciatis.",
        "release": "1973-06-22",
        "duration": "5"
    },
    {
        "id": "181",
        "title": "Ea eligendi.",
        "release": "2012-03-17",
        "duration": "0"
    },
    {
        "id": "182",
        "title": "Fugit perferendis qui.",
        "release": "1999-04-25",
        "duration": "5"
    },
    {
        "id": "183",
        "title": "Soluta modi velit.",
        "release": "2019-03-15",
        "duration": "8"
    },
    {
        "id": "184",
        "title": "Inventore eligendi.",
        "release": "1980-03-08",
        "duration": "2"
    },
    {
        "id": "185",
        "title": "Est qui.",
        "release": "2010-10-10",
        "duration": "0"
    },
    {
        "id": "186",
        "title": "Alias suscipit amet.",
        "release": "2009-03-18",
        "duration": "2"
    },
    {
        "id": "187",
        "title": "Voluptas eius nihil.",
        "release": "2007-03-01",
        "duration": "0"
    },
    {
        "id": "188",
        "title": "Sunt reprehenderit.",
        "release": "1989-03-25",
        "duration": "1"
    },
    {
        "id": "189",
        "title": "Alias vero.",
        "release": "2021-09-06",
        "duration": "3"
    },
    {
        "id": "19",
        "title": "Est incidunt.",
        "release": "1985-09-15",
        "duration": "9"
    },
    {
        "id": "190",
        "title": "Voluptates quod veritatis.",
        "release": "1985-03-10",
        "duration": "7"
    },
    {
        "id": "191",
        "title": "Labore eos cumque.",
        "release": "1997-11-09",
        "duration": "9"
    },
    {
        "id": "192",
        "title": "Voluptas temporibus.",
        "release": "2023-04-03",
        "duration": "2"
    },
    {
        "id": "193",
        "title": "Molestiae non.",
        "release": "2006-06-21",
        "duration": "8"
    },
    {
        "id": "194",
        "title": "Voluptatem non sit.",
        "release": "1991-03-19",
        "duration": "9"
    },
    {
        "id": "195",
        "title": "Maiores aut.",
        "release": "1971-02-28",
        "duration": "7"
    },
    {
        "id": "196",
        "title": "Omnis voluptatem.",
        "release": "2014-07-06",
        "duration": "7"
    },
    {
        "id": "197",
        "title": "Aut consectetur accusamus.",
        "release": "1994-11-11",
        "duration": "8"
    },
    {
        "id": "198",
        "title": "Quaerat porro aspernatur.",
        "release": "1976-02-28",
        "duration": "7"
    },
    {
        "id": "199",
        "title": "Non ab placeat.",
        "release": "2015-07-28",
        "duration": "4"
    },
    {
        "id": "2",
        "title": "Exercitationem fugiat ullam.",
        "release": "1986-04-05",
        "duration": "9"
    },
    {
        "id": "20",
        "title": "Veniam esse culpa.",
        "release": "1991-11-29",
        "duration": "3"
    },
    {
        "id": "200",
        "title": "Laudantium corporis consequatur.",
        "release": "1985-02-16",
        "duration": "6"
    },
    {
        "id": "201",
        "title": "Pariatur at.",
        "release": "1999-08-05",
        "duration": "3"
    },
    {
        "id": "202",
        "title": "Mollitia dolorum cupiditate.",
        "release": "2016-05-03",
        "duration": "4"
    },
    {
        "id": "203",
        "title": "Impedit eum.",
        "release": "1980-06-13",
        "duration": "9"
    },
    {
        "id": "204",
        "title": "Id expedita qui.",
        "release": "1971-03-01",
        "duration": "1"
    },
    {
        "id": "205",
        "title": "Aliquid corporis et.",
        "release": "2012-05-18",
        "duration": "2"
    },
    {
        "id": "206",
        "title": "Rerum alias at.",
        "release": "1978-12-05",
        "duration": "5"
    },
    {
        "id": "207",
        "title": "Amet consequatur sit.",
        "release": "2017-11-26",
        "duration": "8"
    },
    {
        "id": "208",
        "title": "Molestiae quisquam.",
        "release": "2000-01-28",
        "duration": "2"
    },
    {
        "id": "209",
        "title": "Cumque delectus.",
        "release": "2019-11-21",
        "duration": "8"
    },
    {
        "id": "21",
        "title": "Unde sed.",
        "release": "2019-12-04",
        "duration": "7"
    },
    {
        "id": "210",
        "title": "Aut deserunt debitis.",
        "release": "1992-05-27",
        "duration": "4"
    },
    {
        "id": "211",
        "title": "Ea est.",
        "release": "1981-08-09",
        "duration": "7"
    },
    {
        "id": "212",
        "title": "Deleniti enim non.",
        "release": "2021-05-19",
        "duration": "1"
    },
    {
        "id": "213",
        "title": "Adipisci vel.",
        "release": "1979-05-03",
        "duration": "9"
    },
    {
        "id": "214",
        "title": "Quo magni sed.",
        "release": "1973-07-04",
        "duration": "1"
    },
    {
        "id": "215",
        "title": "Quisquam magni.",
        "release": "1990-01-23",
        "duration": "6"
    },
    {
        "id": "216",
        "title": "Dignissimos et.",
        "release": "1979-04-30",
        "duration": "6"
    },
    {
        "id": "217",
        "title": "Enim sed.",
        "release": "1984-06-12",
        "duration": "7"
    },
    {
        "id": "218",
        "title": "Dolore neque eum.",
        "release": "1998-02-09",
        "duration": "3"
    },
    {
        "id": "219",
        "title": "Sit et.",
        "release": "1987-10-15",
        "duration": "7"
    },
    {
        "id": "22",
        "title": "Ducimus perferendis in.",
        "release": "1974-06-17",
        "duration": "1"
    },
    {
        "id": "220",
        "title": "Quia consectetur.",
        "release": "1993-02-05",
        "duration": "1"
    },
    {
        "id": "221",
        "title": "Odit dignissimos.",
        "release": "1992-12-10",
        "duration": "9"
    },
    {
        "id": "222",
        "title": "Itaque quidem.",
        "release": "2016-02-10",
        "duration": "2"
    },
    {
        "id": "223",
        "title": "Sit ut.",
        "release": "1980-10-01",
        "duration": "9"
    },
    {
        "id": "224",
        "title": "Possimus dolores dolores.",
        "release": "1992-02-19",
        "duration": "6"
    },
    {
        "id": "225",
        "title": "Voluptate aut.",
        "release": "1997-04-21",
        "duration": "1"
    },
    {
        "id": "226",
        "title": "Ex consequatur.",
        "release": "1978-07-22",
        "duration": "7"
    },
    {
        "id": "227",
        "title": "Aliquid et animi.",
        "release": "2010-02-17",
        "duration": "7"
    },
    {
        "id": "228",
        "title": "Quis dolorem at.",
        "release": "1977-11-10",
        "duration": "2"
    },
    {
        "id": "229",
        "title": "Deleniti vel magni.",
        "release": "2011-12-13",
        "duration": "5"
    },
    {
        "id": "23",
        "title": "Quisquam rerum est.",
        "release": "1988-12-13",
        "duration": "4"
    },
    {
        "id": "230",
        "title": "In et.",
        "release": "2016-06-26",
        "duration": "3"
    },
    {
        "id": "231",
        "title": "Sed numquam.",
        "release": "2019-02-28",
        "duration": "1"
    },
    {
        "id": "232",
        "title": "Nesciunt dolores.",
        "release": "2016-07-14",
        "duration": "4"
    },
    {
        "id": "233",
        "title": "Omnis dolor quidem.",
        "release": "1994-10-05",
        "duration": "1"
    },
    {
        "id": "234",
        "title": "Quae quis corporis.",
        "release": "2010-12-27",
        "duration": "2"
    },
    {
        "id": "235",
        "title": "Illum autem.",
        "release": "2018-12-03",
        "duration": "6"
    },
    {
        "id": "236",
        "title": "Et in.",
        "release": "1988-02-25",
        "duration": "0"
    },
    {
        "id": "237",
        "title": "Odit unde.",
        "release": "1974-10-15",
        "duration": "8"
    },
    {
        "id": "238",
        "title": "Est repellat amet.",
        "release": "2011-01-14",
        "duration": "6"
    },
    {
        "id": "239",
        "title": "Saepe eveniet quos.",
        "release": "2021-01-30",
        "duration": "2"
    },
    {
        "id": "24",
        "title": "Ea nihil.",
        "release": "2009-01-03",
        "duration": "9"
    },
    {
        "id": "240",
        "title": "Et illo quo.",
        "release": "1974-01-19",
        "duration": "5"
    },
    {
        "id": "241",
        "title": "Voluptatem reprehenderit.",
        "release": "1996-06-08",
        "duration": "4"
    },
    {
        "id": "242",
        "title": "Ut et.",
        "release": "1994-12-13",
        "duration": "7"
    },
    {
        "id": "243",
        "title": "Est beatae.",
        "release": "1973-07-24",
        "duration": "1"
    },
    {
        "id": "244",
        "title": "Quia maiores officiis.",
        "release": "2007-04-13",
        "duration": "5"
    },
    {
        "id": "245",
        "title": "Officia laborum tempora.",
        "release": "2013-06-11",
        "duration": "0"
    },
    {
        "id": "246",
        "title": "Tenetur et.",
        "release": "2004-09-10",
        "duration": "6"
    },
    {
        "id": "247",
        "title": "Iure voluptatibus rerum.",
        "release": "2016-06-28",
        "duration": "5"
    },
    {
        "id": "248",
        "title": "Est enim a.",
        "release": "1998-04-07",
        "duration": "4"
    },
    {
        "id": "249",
        "title": "Consequatur eos.",
        "release": "1978-10-26",
        "duration": "2"
    },
    {
        "id": "25",
        "title": "Eaque qui facere.",
        "release": "2021-12-20",
        "duration": "7"
    },
    {
        "id": "250",
        "title": "Tempora cumque.",
        "release": "1987-11-23",
        "duration": "3"
    },
    {
        "id": "251",
        "title": "Nesciunt aliquam.",
        "release": "2009-09-11",
        "duration": "6"
    },
    {
        "id": "252",
        "title": "Officiis maxime sint.",
        "release": "1977-10-12",
        "duration": "7"
    },
    {
        "id": "253",
        "title": "Fugit fuga iusto.",
        "release": "2010-08-29",
        "duration": "7"
    },
    {
        "id": "254",
        "title": "Unde ipsa corrupti.",
        "release": "1998-04-25",
        "duration": "7"
    },
    {
        "id": "255",
        "title": "Quas perspiciatis.",
        "release": "2020-10-28",
        "duration": "1"
    },
    {
        "id": "256",
        "title": "Numquam expedita.",
        "release": "1971-03-31",
        "duration": "4"
    },
    {
        "id": "257",
        "title": "Est quis.",
        "release": "1991-06-03",
        "duration": "8"
    },
    {
        "id": "258",
        "title": "Quaerat id.",
        "release": "1992-02-13",
        "duration": "8"
    },
    {
        "id": "259",
        "title": "Qui sit et.",
        "release": "1977-12-11",
        "duration": "1"
    },
    {
        "id": "26",
        "title": "Tempore fugiat.",
        "release": "1984-01-13",
        "duration": "7"
    },
    {
        "id": "260",
        "title": "Ducimus possimus.",
        "release": "2013-04-04",
        "duration": "3"
    },
    {
        "id": "261",
        "title": "Inventore similique enim.",
        "release": "1995-12-12",
        "duration": "9"
    },
    {
        "id": "262",
        "title": "Incidunt voluptates reprehenderit.",
        "release": "1997-02-11",
        "duration": "3"
    },
    {
        "id": "263",
        "title": "Reiciendis quas error.",
        "release": "2011-10-26",
        "duration": "6"
    },
    {
        "id": "264",
        "title": "Et maiores.",
        "release": "1974-11-05",
        "duration": "2"
    },
    {
        "id": "265",
        "title": "Neque officia odit.",
        "release": "1981-10-27",
        "duration": "8"
    },
    {
        "id": "266",
        "title": "Facilis voluptate sed.",
        "release": "1984-03-26",
        "duration": "6"
    },
    {
        "id": "267",
        "title": "Nobis cum consequatur.",
        "release": "2009-11-22",
        "duration": "7"
    },
    {
        "id": "268",
        "title": "Quis consectetur sed.",
        "release": "2002-01-28",
        "duration": "1"
    },
    {
        "id": "269",
        "title": "Commodi error.",
        "release": "1970-09-30",
        "duration": "5"
    },
    {
        "id": "27",
        "title": "Omnis et.",
        "release": "2006-07-05",
        "duration": "1"
    },
    {
        "id": "270",
        "title": "Magnam dolore.",
        "release": "1989-02-14",
        "duration": "4"
    },
    {
        "id": "271",
        "title": "Eligendi aut.",
        "release": "1992-08-21",
        "duration": "2"
    },
    {
        "id": "272",
        "title": "Laboriosam omnis.",
        "release": "1972-04-25",
        "duration": "9"
    },
    {
        "id": "273",
        "title": "Vero repellat consectetur.",
        "release": "2009-09-06",
        "duration": "0"
    },
    {
        "id": "274",
        "title": "Et asperiores cupiditate.",
        "release": "1976-12-12",
        "duration": "0"
    },
    {
        "id": "275",
        "title": "Facere eum.",
        "release": "1989-10-04",
        "duration": "9"
    },
    {
        "id": "276",
        "title": "Ut iste sequi.",
        "release": "2007-05-28",
        "duration": "5"
    },
    {
        "id": "277",
        "title": "Iusto qui.",
        "release": "1991-12-08",
        "duration": "2"
    },
    {
        "id": "278",
        "title": "Autem possimus eaque.",
        "release": "1991-11-19",
        "duration": "5"
    },
    {
        "id": "279",
        "title": "Ullam nam tempora.",
        "release": "1990-03-11",
        "duration": "3"
    },
    {
        "id": "28",
        "title": "Aut qui.",
        "release": "1998-10-02",
        "duration": "8"
    },
    {
        "id": "280",
        "title": "Fugiat esse tenetur.",
        "release": "1984-10-06",
        "duration": "8"
    },
    {
        "id": "281",
        "title": "Veritatis et animi.",
        "release": "2002-12-31",
        "duration": "0"
    },
    {
        "id": "282",
        "title": "Voluptatibus quisquam perspiciatis.",
        "release": "1997-02-10",
        "duration": "6"
    },
    {
        "id": "283",
        "title": "Dolore consequatur.",
        "release": "2011-11-08",
        "duration": "7"
    },
    {
        "id": "284",
        "title": "Veritatis rem officiis.",
        "release": "2009-07-03",
        "duration": "5"
    },
    {
        "id": "285",
        "title": "Velit ut.",
        "release": "1989-07-17",
        "duration": "7"
    },
    {
        "id": "286",
        "title": "Non laboriosam rem.",
        "release": "1997-05-14",
        "duration": "9"
    },
    {
        "id": "287",
        "title": "Quisquam odio in.",
        "release": "1975-01-10",
        "duration": "4"
    },
    {
        "id": "288",
        "title": "Tempore natus.",
        "release": "2023-03-04",
        "duration": "5"
    },
    {
        "id": "289",
        "title": "Exercitationem hic dolorum.",
        "release": "2010-06-12",
        "duration": "8"
    },
    {
        "id": "29",
        "title": "Non sed maiores.",
        "release": "1985-08-15",
        "duration": "9"
    },
    {
        "id": "290",
        "title": "Exercitationem culpa vel.",
        "release": "1973-10-30",
        "duration": "4"
    },
    {
        "id": "291",
        "title": "Necessitatibus magni.",
        "release": "1985-08-06",
        "duration": "4"
    },
    {
        "id": "292",
        "title": "Voluptatem qui.",
        "release": "1994-10-25",
        "duration": "6"
    },
    {
        "id": "293",
        "title": "Modi qui aut.",
        "release": "1993-02-12",
        "duration": "0"
    },
    {
        "id": "294",
        "title": "Error aut.",
        "release": "2023-07-08",
        "duration": "5"
    },
    {
        "id": "295",
        "title": "Recusandae qui qui.",
        "release": "2019-08-08",
        "duration": "0"
    },
    {
        "id": "296",
        "title": "Maxime veritatis eos.",
        "release": "2006-09-15",
        "duration": "8"
    },
    {
        "id": "297",
        "title": "Quis consequatur.",
        "release": "2012-09-01",
        "duration": "6"
    },
    {
        "id": "298",
        "title": "Eos placeat.",
        "release": "2009-12-24",
        "duration": "1"
    },
    {
        "id": "299",
        "title": "Suscipit et.",
        "release": "2023-03-23",
        "duration": "4"
    },
    {
        "id": "3",
        "title": "Voluptas non veritatis.",
        "release": "1990-04-28",
        "duration": "2"
    },
    {
        "id": "30",
        "title": "Et cupiditate et.",
        "release": "2023-11-13",
        "duration": "0"
    },
    {
        "id": "300",
        "title": "Optio porro quaerat.",
        "release": "2017-05-26",
        "duration": "0"
    },
    {
        "id": "301",
        "title": "Est repellat.",
        "release": "2005-03-17",
        "duration": "2"
    },
    {
        "id": "302",
        "title": "Aut cupiditate.",
        "release": "2006-01-04",
        "duration": "6"
    },
    {
        "id": "303",
        "title": "Sunt ea eum.",
        "release": "2013-11-02",
        "duration": "6"
    },
    {
        "id": "304",
        "title": "Voluptas molestias.",
        "release": "1983-11-05",
        "duration": "9"
    },
    {
        "id": "305",
        "title": "Enim eum.",
        "release": "1988-06-05",
        "duration": "9"
    },
    {
        "id": "306",
        "title": "Dolore delectus.",
        "release": "2011-02-15",
        "duration": "7"
    },
    {
        "id": "307",
        "title": "Eaque dolore voluptatem.",
        "release": "1998-05-03",
        "duration": "5"
    },
    {
        "id": "308",
        "title": "Aliquid ducimus voluptatem.",
        "release": "1985-11-15",
        "duration": "2"
    },
    {
        "id": "309",
        "title": "Sequi consequuntur.",
        "release": "1999-02-19",
        "duration": "3"
    },
    {
        "id": "31",
        "title": "Molestiae voluptatem.",
        "release": "2002-05-28",
        "duration": "1"
    },
    {
        "id": "310",
        "title": "Hic sed.",
        "release": "2005-09-15",
        "duration": "9"
    },
    {
        "id": "311",
        "title": "Nihil atque reiciendis.",
        "release": "2015-04-19",
        "duration": "1"
    },
    {
        "id": "312",
        "title": "Non eum.",
        "release": "2023-05-06",
        "duration": "3"
    },
    {
        "id": "313",
        "title": "Libero sit molestias.",
        "release": "1978-06-29",
        "duration": "8"
    },
    {
        "id": "314",
        "title": "Neque ut sit.",
        "release": "2014-08-21",
        "duration": "2"
    },
    {
        "id": "315",
        "title": "Vel aut sed.",
        "release": "2021-07-30",
        "duration": "0"
    },
    {
        "id": "316",
        "title": "Suscipit qui alias.",
        "release": "2013-07-25",
        "duration": "4"
    },
    {
        "id": "317",
        "title": "Veritatis neque.",
        "release": "1978-03-04",
        "duration": "4"
    },
    {
        "id": "318",
        "title": "Sit repellat dolor.",
        "release": "1984-04-20",
        "duration": "6"
    },
    {
        "id": "319",
        "title": "Ducimus beatae.",
        "release": "1992-10-23",
        "duration": "3"
    },
    {
        "id": "32",
        "title": "Ut odio ipsa.",
        "release": "1982-02-09",
        "duration": "0"
    },
    {
        "id": "320",
        "title": "Omnis exercitationem.",
        "release": "2011-03-06",
        "duration": "4"
    },
    {
        "id": "321",
        "title": "Cum omnis magnam.",
        "release": "1990-05-03",
        "duration": "3"
    },
    {
        "id": "322",
        "title": "Exercitationem dicta.",
        "release": "1977-02-08",
        "duration": "4"
    },
    {
        "id": "323",
        "title": "Explicabo exercitationem.",
        "release": "1970-07-30",
        "duration": "0"
    },
    {
        "id": "324",
        "title": "Qui et distinctio.",
        "release": "1986-05-23",
        "duration": "0"
    },
    {
        "id": "325",
        "title": "Eos neque ut.",
        "release": "2023-06-06",
        "duration": "1"
    },
    {
        "id": "326",
        "title": "Et sed corrupti.",
        "release": "2019-08-24",
        "duration": "2"
    },
    {
        "id": "327",
        "title": "Beatae enim.",
        "release": "1997-01-01",
        "duration": "3"
    },
    {
        "id": "328",
        "title": "In qui.",
        "release": "2006-10-29",
        "duration": "0"
    },
    {
        "id": "329",
        "title": "Harum commodi.",
        "release": "1973-10-27",
        "duration": "1"
    },
    {
        "id": "33",
        "title": "Corrupti qui distinctio.",
        "release": "1978-08-30",
        "duration": "7"
    },
    {
        "id": "330",
        "title": "Vero dolores natus.",
        "release": "1981-09-08",
        "duration": "3"
    },
    {
        "id": "331",
        "title": "Sint cumque.",
        "release": "1983-10-01",
        "duration": "0"
    },
    {
        "id": "332",
        "title": "Laudantium sed.",
        "release": "1982-10-22",
        "duration": "0"
    },
    {
        "id": "333",
        "title": "Inventore nulla et.",
        "release": "1982-11-08",
        "duration": "4"
    },
    {
        "id": "334",
        "title": "Quas dolorem.",
        "release": "2010-05-06",
        "duration": "7"
    },
    {
        "id": "335",
        "title": "Laborum cum molestias.",
        "release": "1976-04-02",
        "duration": "5"
    },
    {
        "id": "336",
        "title": "Eos rerum perferendis.",
        "release": "1999-01-03",
        "duration": "5"
    },
    {
        "id": "337",
        "title": "Commodi mollitia.",
        "release": "1978-11-07",
        "duration": "4"
    },
    {
        "id": "338",
        "title": "Voluptas dolores.",
        "release": "2018-01-01",
        "duration": "1"
    },
    {
        "id": "339",
        "title": "Accusamus earum placeat.",
        "release": "2022-09-13",
        "duration": "8"
    },
    {
        "id": "34",
        "title": "Omnis harum nihil.",
        "release": "2014-03-23",
        "duration": "9"
    },
    {
        "id": "340",
        "title": "Cupiditate sequi.",
        "release": "2018-01-01",
        "duration": "3"
    },
    {
        "id": "341",
        "title": "Deleniti quia id.",
        "release": "2008-11-30",
        "duration": "6"
    },
    {
        "id": "342",
        "title": "Inventore quas.",
        "release": "2017-10-14",
        "duration": "6"
    },
    {
        "id": "343",
        "title": "Assumenda voluptas ducimus.",
        "release": "2004-01-31",
        "duration": "2"
    },
    {
        "id": "344",
        "title": "Ratione eaque.",
        "release": "2016-05-26",
        "duration": "3"
    },
    {
        "id": "345",
        "title": "Praesentium quia voluptas.",
        "release": "2014-02-11",
        "duration": "1"
    },
    {
        "id": "346",
        "title": "Fugit ducimus cumque.",
        "release": "2008-09-29",
        "duration": "8"
    },
    {
        "id": "347",
        "title": "Quis facilis.",
        "release": "1994-11-20",
        "duration": "5"
    },
    {
        "id": "348",
        "title": "Eligendi officia quo.",
        "release": "1973-02-24",
        "duration": "3"
    },
    {
        "id": "349",
        "title": "Amet nisi magnam.",
        "release": "2014-04-30",
        "duration": "7"
    },
    {
        "id": "35",
        "title": "Facere rerum ex.",
        "release": "2010-09-23",
        "duration": "2"
    },
    {
        "id": "350",
        "title": "Nulla cupiditate placeat.",
        "release": "1984-06-19",
        "duration": "6"
    },
    {
        "id": "351",
        "title": "Animi pariatur.",
        "release": "2008-03-04",
        "duration": "5"
    },
    {
        "id": "352",
        "title": "At architecto.",
        "release": "2012-12-07",
        "duration": "1"
    },
    {
        "id": "353",
        "title": "Iusto saepe ut.",
        "release": "2022-05-22",
        "duration": "4"
    },
    {
        "id": "354",
        "title": "Similique consequuntur.",
        "release": "2023-09-17",
        "duration": "8"
    },
    {
        "id": "355",
        "title": "Nam fugit aut.",
        "release": "1986-05-12",
        "duration": "8"
    },
    {
        "id": "356",
        "title": "Error officia.",
        "release": "2003-03-31",
        "duration": "2"
    },
    {
        "id": "357",
        "title": "Quas voluptatem expedita.",
        "release": "2009-05-20",
        "duration": "3"
    },
    {
        "id": "358",
        "title": "Qui culpa.",
        "release": "1988-03-01",
        "duration": "7"
    },
    {
        "id": "359",
        "title": "Quis ducimus.",
        "release": "2014-05-30",
        "duration": "4"
    },
    {
        "id": "36",
        "title": "Pariatur aut.",
        "release": "1983-07-27",
        "duration": "1"
    },
    {
        "id": "360",
        "title": "At totam.",
        "release": "1989-03-14",
        "duration": "1"
    },
    {
        "id": "361",
        "title": "Et quo.",
        "release": "1979-08-13",
        "duration": "5"
    },
    {
        "id": "362",
        "title": "Natus cupiditate inventore.",
        "release": "2012-08-03",
        "duration": "8"
    },
    {
        "id": "363",
        "title": "Dolores possimus velit.",
        "release": "2016-10-30",
        "duration": "6"
    },
    {
        "id": "364",
        "title": "Laborum deleniti.",
        "release": "1986-02-17",
        "duration": "6"
    },
    {
        "id": "365",
        "title": "Esse sint.",
        "release": "2005-12-10",
        "duration": "7"
    },
    {
        "id": "366",
        "title": "Saepe accusamus et.",
        "release": "1984-05-17",
        "duration": "4"
    },
    {
        "id": "367",
        "title": "Eum atque numquam.",
        "release": "2011-08-27",
        "duration": "2"
    },
    {
        "id": "368",
        "title": "Dolorem consequuntur.",
        "release": "2018-04-17",
        "duration": "7"
    },
    {
        "id": "369",
        "title": "Et laborum.",
        "release": "1999-07-08",
        "duration": "8"
    },
    {
        "id": "37",
        "title": "Iusto eaque accusamus.",
        "release": "2012-05-24",
        "duration": "4"
    },
    {
        "id": "370",
        "title": "Exercitationem accusamus.",
        "release": "1996-01-25",
        "duration": "8"
    },
    {
        "id": "371",
        "title": "Necessitatibus iure et.",
        "release": "1976-03-07",
        "duration": "2"
    },
    {
        "id": "372",
        "title": "Distinctio alias ducimus.",
        "release": "2018-08-31",
        "duration": "0"
    },
    {
        "id": "373",
        "title": "Consequatur dolorem amet.",
        "release": "1987-02-12",
        "duration": "3"
    },
    {
        "id": "374",
        "title": "Nobis qui.",
        "release": "1999-04-22",
        "duration": "0"
    },
    {
        "id": "375",
        "title": "Fugiat laborum voluptatem.",
        "release": "1984-07-24",
        "duration": "7"
    },
    {
        "id": "376",
        "title": "Dolorum asperiores.",
        "release": "1991-03-16",
        "duration": "5"
    },
    {
        "id": "377",
        "title": "Quas totam veniam.",
        "release": "1986-06-26",
        "duration": "5"
    },
    {
        "id": "378",
        "title": "Magni et laborum.",
        "release": "2018-01-08",
        "duration": "3"
    },
    {
        "id": "379",
        "title": "Vitae recusandae cumque.",
        "release": "1971-10-28",
        "duration": "6"
    },
    {
        "id": "38",
        "title": "Sit perspiciatis.",
        "release": "1971-09-30",
        "duration": "2"
    },
    {
        "id": "380",
        "title": "Ea voluptas ipsum.",
        "release": "1971-08-05",
        "duration": "3"
    },
    {
        "id": "381",
        "title": "Odio dolores sint.",
        "release": "2020-11-04",
        "duration": "9"
    },
    {
        "id": "382",
        "title": "Dolor iusto.",
        "release": "1974-01-31",
        "duration": "9"
    },
    {
        "id": "383",
        "title": "Sit impedit.",
        "release": "1989-10-24",
        "duration": "2"
    },
    {
        "id": "384",
        "title": "Et distinctio.",
        "release": "1993-08-17",
        "duration": "9"
    },
    {
        "id": "385",
        "title": "Inventore officia aperiam.",
        "release": "1998-06-11",
        "duration": "5"
    },
    {
        "id": "386",
        "title": "Corrupti sequi voluptatem.",
        "release": "2017-02-08",
        "duration": "4"
    },
    {
        "id": "387",
        "title": "At perspiciatis cum.",
        "release": "1978-05-29",
        "duration": "3"
    },
    {
        "id": "388",
        "title": "Assumenda aut.",
        "release": "1984-05-06",
        "duration": "3"
    },
    {
        "id": "389",
        "title": "Aperiam commodi.",
        "release": "1988-12-09",
        "duration": "9"
    },
    {
        "id": "39",
        "title": "Distinctio non porro.",
        "release": "1989-02-17",
        "duration": "2"
    },
    {
        "id": "390",
        "title": "At necessitatibus est.",
        "release": "1985-01-02",
        "duration": "0"
    },
    {
        "id": "391",
        "title": "Ut non ad.",
        "release": "1996-11-29",
        "duration": "6"
    },
    {
        "id": "392",
        "title": "Corporis beatae eaque.",
        "release": "1973-12-23",
        "duration": "6"
    },
    {
        "id": "393",
        "title": "Facere quas ut.",
        "release": "2001-06-04",
        "duration": "9"
    },
    {
        "id": "394",
        "title": "Odio id autem.",
        "release": "2008-05-18",
        "duration": "7"
    },
    {
        "id": "395",
        "title": "Eaque autem quis.",
        "release": "2019-12-13",
        "duration": "2"
    },
    {
        "id": "396",
        "title": "Accusamus qui.",
        "release": "2002-09-06",
        "duration": "4"
    },
    {
        "id": "397",
        "title": "Modi et mollitia.",
        "release": "1992-12-25",
        "duration": "1"
    },
    {
        "id": "398",
        "title": "Vel architecto.",
        "release": "2012-07-07",
        "duration": "2"
    },
    {
        "id": "399",
        "title": "Autem possimus.",
        "release": "1979-01-25",
        "duration": "3"
    },
    {
        "id": "4",
        "title": "Sed ea.",
        "release": "2004-02-22",
        "duration": "3"
    },
    {
        "id": "40",
        "title": "Adipisci laboriosam ipsa.",
        "release": "1970-12-24",
        "duration": "8"
    },
    {
        "id": "400",
        "title": "Hic quasi.",
        "release": "2011-07-04",
        "duration": "2"
    },
    {
        "id": "401",
        "title": "Molestiae nam.",
        "release": "1992-07-21",
        "duration": "4"
    },
    {
        "id": "402",
        "title": "Reiciendis eaque corporis.",
        "release": "1984-07-10",
        "duration": "9"
    },
    {
        "id": "403",
        "title": "Repellendus possimus dolore.",
        "release": "1982-05-24",
        "duration": "8"
    },
    {
        "id": "404",
        "title": "Excepturi voluptate.",
        "release": "1970-05-17",
        "duration": "0"
    },
    {
        "id": "405",
        "title": "Non saepe.",
        "release": "1998-06-30",
        "duration": "3"
    },
    {
        "id": "406",
        "title": "Totam ratione.",
        "release": "1973-11-22",
        "duration": "4"
    },
    {
        "id": "407",
        "title": "Minima quo dolore.",
        "release": "2023-07-27",
        "duration": "8"
    },
    {
        "id": "408",
        "title": "Enim quo.",
        "release": "1996-09-22",
        "duration": "2"
    },
    {
        "id": "409",
        "title": "Qui reiciendis molestias.",
        "release": "1985-12-23",
        "duration": "1"
    },
    {
        "id": "41",
        "title": "Possimus eveniet quos.",
        "release": "1977-05-21",
        "duration": "7"
    },
    {
        "id": "410",
        "title": "Sint quis.",
        "release": "2010-04-01",
        "duration": "2"
    },
    {
        "id": "411",
        "title": "Et rerum natus.",
        "release": "1992-02-18",
        "duration": "5"
    },
    {
        "id": "412",
        "title": "Facilis ab.",
        "release": "1990-06-02",
        "duration": "5"
    },
    {
        "id": "413",
        "title": "Repellendus voluptates.",
        "release": "1970-12-08",
        "duration": "4"
    },
    {
        "id": "414",
        "title": "Est nostrum tempore.",
        "release": "2020-07-03",
        "duration": "0"
    },
    {
        "id": "415",
        "title": "Voluptas magni esse.",
        "release": "1992-03-20",
        "duration": "2"
    },
    {
        "id": "416",
        "title": "Provident ipsum autem.",
        "release": "1995-12-11",
        "duration": "9"
    },
    {
        "id": "417",
        "title": "Id voluptatibus.",
        "release": "1986-01-05",
        "duration": "3"
    },
    {
        "id": "418",
        "title": "Quia corrupti facere.",
        "release": "2022-11-23",
        "duration": "5"
    },
    {
        "id": "419",
        "title": "Doloribus officiis aut.",
        "release": "2015-03-10",
        "duration": "7"
    },
    {
        "id": "42",
        "title": "Amet veritatis.",
        "release": "1971-12-27",
        "duration": "2"
    },
    {
        "id": "420",
        "title": "Natus et id.",
        "release": "1988-11-06",
        "duration": "8"
    },
    {
        "id": "421",
        "title": "Minima consequatur nostrum.",
        "release": "1992-03-10",
        "duration": "6"
    },
    {
        "id": "422",
        "title": "Ipsa soluta error.",
        "release": "1974-10-13",
        "duration": "1"
    },
    {
        "id": "423",
        "title": "Voluptates exercitationem nulla.",
        "release": "2003-06-01",
        "duration": "8"
    },
    {
        "id": "424",
        "title": "Quas qui facilis.",
        "release": "2016-05-07",
        "duration": "9"
    },
    {
        "id": "425",
        "title": "Eaque suscipit.",
        "release": "2016-04-22",
        "duration": "7"
    },
    {
        "id": "426",
        "title": "Qui nisi.",
        "release": "2013-05-03",
        "duration": "5"
    },
    {
        "id": "427",
        "title": "Est sint aut.",
        "release": "1999-10-08",
        "duration": "8"
    },
    {
        "id": "428",
        "title": "Harum dolores.",
        "release": "1986-01-03",
        "duration": "4"
    },
    {
        "id": "429",
        "title": "Neque ab.",
        "release": "1995-04-17",
        "duration": "4"
    },
    {
        "id": "43",
        "title": "Tempora vel.",
        "release": "2021-08-08",
        "duration": "8"
    },
    {
        "id": "430",
        "title": "Sed ab doloribus.",
        "release": "2018-06-08",
        "duration": "0"
    },
    {
        "id": "431",
        "title": "Soluta repellat doloremque.",
        "release": "1999-05-25",
        "duration": "6"
    },
    {
        "id": "432",
        "title": "Repellat quis dolores.",
        "release": "1996-01-18",
        "duration": "2"
    },
    {
        "id": "433",
        "title": "Sint ipsam minus.",
        "release": "2022-10-07",
        "duration": "6"
    },
    {
        "id": "434",
        "title": "Et aut.",
        "release": "2015-02-17",
        "duration": "6"
    },
    {
        "id": "435",
        "title": "Reiciendis voluptatem.",
        "release": "2018-07-28",
        "duration": "5"
    },
    {
        "id": "436",
        "title": "Deleniti nemo.",
        "release": "2017-06-28",
        "duration": "1"
    },
    {
        "id": "437",
        "title": "Quas consequatur ut.",
        "release": "2016-12-03",
        "duration": "0"
    },
    {
        "id": "438",
        "title": "Sit animi neque.",
        "release": "1986-02-18",
        "duration": "6"
    },
    {
        "id": "439",
        "title": "Maxime vel illum.",
        "release": "1998-07-01",
        "duration": "9"
    },
    {
        "id": "44",
        "title": "Quis omnis velit.",
        "release": "2007-05-11",
        "duration": "1"
    },
    {
        "id": "440",
        "title": "At dolores fuga.",
        "release": "2001-11-11",
        "duration": "0"
    },
    {
        "id": "441",
        "title": "Excepturi est fugiat.",
        "release": "1997-01-21",
        "duration": "0"
    },
    {
        "id": "442",
        "title": "Numquam sit.",
        "release": "1987-03-05",
        "duration": "0"
    },
    {
        "id": "443",
        "title": "Sit modi voluptatibus.",
        "release": "2002-04-23",
        "duration": "3"
    },
    {
        "id": "444",
        "title": "Neque voluptatem aut.",
        "release": "1982-04-30",
        "duration": "7"
    },
    {
        "id": "445",
        "title": "Vitae nam accusantium.",
        "release": "2006-02-03",
        "duration": "2"
    },
    {
        "id": "446",
        "title": "Molestiae minima.",
        "release": "1974-03-27",
        "duration": "0"
    },
    {
        "id": "447",
        "title": "Voluptate nostrum.",
        "release": "1984-04-15",
        "duration": "7"
    },
    {
        "id": "448",
        "title": "Facilis aspernatur eveniet.",
        "release": "2018-09-29",
        "duration": "6"
    },
    {
        "id": "449",
        "title": "Nisi iure eos.",
        "release": "1973-08-09",
        "duration": "4"
    },
    {
        "id": "45",
        "title": "Corporis ipsam ducimus.",
        "release": "1986-12-25",
        "duration": "8"
    },
    {
        "id": "450",
        "title": "Eveniet amet.",
        "release": "1976-06-30",
        "duration": "0"
    },
    {
        "id": "451",
        "title": "Ipsa recusandae adipisci.",
        "release": "1990-12-07",
        "duration": "0"
    },
    {
        "id": "452",
        "title": "Ducimus eos.",
        "release": "2015-08-09",
        "duration": "7"
    },
    {
        "id": "453",
        "title": "Nihil tempore itaque.",
        "release": "2015-06-28",
        "duration": "8"
    },
    {
        "id": "454",
        "title": "Sapiente rerum nulla.",
        "release": "2004-04-23",
        "duration": "1"
    },
    {
        "id": "455",
        "title": "Deleniti quo.",
        "release": "2001-03-30",
        "duration": "1"
    },
    {
        "id": "456",
        "title": "Quaerat commodi voluptates.",
        "release": "1985-01-27",
        "duration": "1"
    },
    {
        "id": "457",
        "title": "Quaerat omnis.",
        "release": "1987-10-14",
        "duration": "3"
    },
    {
        "id": "458",
        "title": "Ut quasi.",
        "release": "1986-07-09",
        "duration": "4"
    },
    {
        "id": "459",
        "title": "Repudiandae id quod.",
        "release": "1978-05-10",
        "duration": "0"
    },
    {
        "id": "46",
        "title": "Voluptatem facilis.",
        "release": "2015-03-04",
        "duration": "0"
    },
    {
        "id": "460",
        "title": "Ut consequuntur.",
        "release": "2021-10-06",
        "duration": "7"
    },
    {
        "id": "461",
        "title": "Et nobis ratione.",
        "release": "1999-07-22",
        "duration": "8"
    },
    {
        "id": "462",
        "title": "Eum quidem velit.",
        "release": "1979-01-15",
        "duration": "2"
    },
    {
        "id": "463",
        "title": "Sit aut.",
        "release": "1970-04-17",
        "duration": "7"
    },
    {
        "id": "464",
        "title": "Unde exercitationem nihil.",
        "release": "1986-06-01",
        "duration": "6"
    },
    {
        "id": "465",
        "title": "Et id.",
        "release": "1993-06-06",
        "duration": "9"
    },
    {
        "id": "466",
        "title": "Reiciendis aliquid nulla.",
        "release": "1991-05-27",
        "duration": "6"
    },
    {
        "id": "467",
        "title": "Earum quae.",
        "release": "2000-09-10",
        "duration": "4"
    },
    {
        "id": "468",
        "title": "Aspernatur autem.",
        "release": "2012-01-21",
        "duration": "2"
    },
    {
        "id": "469",
        "title": "Atque tempora commodi.",
        "release": "1971-09-21",
        "duration": "7"
    },
    {
        "id": "47",
        "title": "Inventore quisquam.",
        "release": "1975-05-29",
        "duration": "2"
    },
    {
        "id": "470",
        "title": "Magni numquam.",
        "release": "1977-03-10",
        "duration": "7"
    },
    {
        "id": "471",
        "title": "Earum repellat corporis.",
        "release": "1993-06-15",
        "duration": "5"
    },
    {
        "id": "472",
        "title": "Quo eligendi.",
        "release": "2002-03-13",
        "duration": "6"
    },
    {
        "id": "473",
        "title": "Optio sit.",
        "release": "2020-06-02",
        "duration": "2"
    },
    {
        "id": "474",
        "title": "Labore et quisquam.",
        "release": "1970-05-31",
        "duration": "4"
    },
    {
        "id": "475",
        "title": "Et assumenda.",
        "release": "1980-02-07",
        "duration": "4"
    },
    {
        "id": "476",
        "title": "Nostrum laudantium sint.",
        "release": "1981-08-28",
        "duration": "8"
    },
    {
        "id": "477",
        "title": "Excepturi qui ut.",
        "release": "1973-07-26",
        "duration": "3"
    },
    {
        "id": "478",
        "title": "Et ut.",
        "release": "2005-06-23",
        "duration": "2"
    },
    {
        "id": "479",
        "title": "Nisi sint quis.",
        "release": "1974-03-19",
        "duration": "6"
    },
    {
        "id": "48",
        "title": "Et dolores facere.",
        "release": "1994-12-27",
        "duration": "8"
    },
    {
        "id": "480",
        "title": "Et quaerat corrupti.",
        "release": "1994-11-21",
        "duration": "1"
    },
    {
        "id": "481",
        "title": "Ea soluta.",
        "release": "2011-11-14",
        "duration": "3"
    },
    {
        "id": "482",
        "title": "Architecto et laborum.",
        "release": "1973-12-01",
        "duration": "5"
    },
    {
        "id": "483",
        "title": "Officia commodi.",
        "release": "2013-12-02",
        "duration": "6"
    },
    {
        "id": "484",
        "title": "Fugit explicabo natus.",
        "release": "2010-01-05",
        "duration": "0"
    },
    {
        "id": "485",
        "title": "Architecto suscipit perferendis.",
        "release": "2005-07-18",
        "duration": "0"
    },
    {
        "id": "486",
        "title": "Cum dolores nostrum.",
        "release": "1989-10-31",
        "duration": "7"
    },
    {
        "id": "487",
        "title": "Exercitationem enim.",
        "release": "1995-06-11",
        "duration": "9"
    },
    {
        "id": "488",
        "title": "Vitae voluptatem eius.",
        "release": "1987-10-21",
        "duration": "3"
    },
    {
        "id": "489",
        "title": "Laborum reprehenderit vero.",
        "release": "1972-01-28",
        "duration": "0"
    },
    {
        "id": "49",
        "title": "Optio corporis.",
        "release": "1983-01-21",
        "duration": "0"
    },
    {
        "id": "490",
        "title": "Rerum quo.",
        "release": "2019-11-01",
        "duration": "8"
    },
    {
        "id": "491",
        "title": "Tenetur dolorem.",
        "release": "1998-08-01",
        "duration": "3"
    },
    {
        "id": "492",
        "title": "Ab praesentium accusamus.",
        "release": "1995-05-13",
        "duration": "0"
    },
    {
        "id": "493",
        "title": "Tenetur reiciendis.",
        "release": "1997-10-23",
        "duration": "0"
    },
    {
        "id": "494",
        "title": "Quia nisi et.",
        "release": "1976-05-01",
        "duration": "3"
    },
    {
        "id": "495",
        "title": "Nihil magnam.",
        "release": "1976-04-23",
        "duration": "2"
    },
    {
        "id": "496",
        "title": "Sint non.",
        "release": "1976-10-25",
        "duration": "2"
    },
    {
        "id": "497",
        "title": "Eligendi incidunt consectetur.",
        "release": "2023-03-10",
        "duration": "4"
    },
    {
        "id": "498",
        "title": "Sit impedit.",
        "release": "1982-03-22",
        "duration": "0"
    },
    {
        "id": "499",
        "title": "Id expedita.",
        "release": "2007-11-26",
        "duration": "1"
    },
    {
        "id": "5",
        "title": "Eaque ducimus repudiandae.",
        "release": "1990-08-31",
        "duration": "2"
    },
    {
        "id": "50",
        "title": "Eaque voluptate.",
        "release": "1996-08-07",
        "duration": "2"
    },
    {
        "id": "500",
        "title": "Harum repellendus quia.",
        "release": "1992-12-21",
        "duration": "3"
    },
    {
        "id": "51",
        "title": "Animi non.",
        "release": "2015-05-15",
        "duration": "5"
    },
    {
        "id": "52",
        "title": "Et laudantium at.",
        "release": "1990-10-22",
        "duration": "8"
    },
    {
        "id": "53",
        "title": "Fugiat ut.",
        "release": "2013-06-20",
        "duration": "9"
    },
    {
        "id": "54",
        "title": "Mollitia repudiandae non.",
        "release": "1973-06-15",
        "duration": "5"
    },
    {
        "id": "55",
        "title": "Quia facere molestiae.",
        "release": "1970-06-29",
        "duration": "8"
    },
    {
        "id": "56",
        "title": "Ea est accusantium.",
        "release": "2003-03-30",
        "duration": "6"
    },
    {
        "id": "57",
        "title": "Voluptatum architecto dolor.",
        "release": "2011-01-14",
        "duration": "9"
    },
    {
        "id": "58",
        "title": "Aut repellendus ut.",
        "release": "1983-12-11",
        "duration": "5"
    },
    {
        "id": "59",
        "title": "Reiciendis magni.",
        "release": "1991-03-16",
        "duration": "4"
    },
    {
        "id": "6",
        "title": "Assumenda mollitia.",
        "release": "1979-01-02",
        "duration": "1"
    },
    {
        "id": "60",
        "title": "Perspiciatis maxime exercitationem.",
        "release": "2015-04-01",
        "duration": "1"
    },
    {
        "id": "61",
        "title": "Hic provident.",
        "release": "2015-09-26",
        "duration": "3"
    },
    {
        "id": "62",
        "title": "Quo fugit.",
        "release": "1994-11-18",
        "duration": "3"
    },
    {
        "id": "63",
        "title": "Nemo autem.",
        "release": "1995-12-04",
        "duration": "3"
    },
    {
        "id": "64",
        "title": "Qui dolorem.",
        "release": "1985-11-15",
        "duration": "7"
    },
    {
        "id": "65",
        "title": "Incidunt itaque.",
        "release": "1974-01-06",
        "duration": "7"
    },
    {
        "id": "66",
        "title": "Ducimus veniam assumenda.",
        "release": "1984-07-31",
        "duration": "1"
    },
    {
        "id": "67",
        "title": "Quidem officia.",
        "release": "1971-03-24",
        "duration": "8"
    },
    {
        "id": "68",
        "title": "Dignissimos autem.",
        "release": "1970-07-02",
        "duration": "4"
    },
    {
        "id": "69",
        "title": "Nostrum quae qui.",
        "release": "2016-05-09",
        "duration": "9"
    },
    {
        "id": "7",
        "title": "Ipsa error.",
        "release": "2005-09-13",
        "duration": "4"
    },
    {
        "id": "70",
        "title": "Nulla dolorem eum.",
        "release": "2002-05-24",
        "duration": "6"
    },
    {
        "id": "71",
        "title": "Error et.",
        "release": "2017-11-28",
        "duration": "4"
    },
    {
        "id": "72",
        "title": "Dignissimos non.",
        "release": "1978-04-07",
        "duration": "3"
    },
    {
        "id": "73",
        "title": "Repellendus perferendis a.",
        "release": "1997-11-06",
        "duration": "2"
    },
    {
        "id": "74",
        "title": "Recusandae voluptatibus quas.",
        "release": "1999-08-12",
        "duration": "0"
    },
    {
        "id": "75",
        "title": "Rerum soluta dolorem.",
        "release": "1985-05-05",
        "duration": "0"
    },
    {
        "id": "76",
        "title": "Unde deleniti.",
        "release": "1991-08-10",
        "duration": "1"
    },
    {
        "id": "77",
        "title": "Quisquam nostrum et.",
        "release": "1994-06-27",
        "duration": "6"
    },
    {
        "id": "78",
        "title": "Ea nisi pariatur.",
        "release": "1978-11-07",
        "duration": "3"
    },
    {
        "id": "79",
        "title": "Quam earum.",
        "release": "2009-08-30",
        "duration": "8"
    },
    {
        "id": "8",
        "title": "Aut mollitia quasi.",
        "release": "1994-10-16",
        "duration": "4"
    },
    {
        "id": "80",
        "title": "Et culpa.",
        "release": "1991-10-24",
        "duration": "6"
    },
    {
        "id": "81",
        "title": "Nisi dolores.",
        "release": "2005-06-28",
        "duration": "9"
    },
    {
        "id": "82",
        "title": "Eos asperiores.",
        "release": "2010-02-12",
        "duration": "0"
    },
    {
        "id": "83",
        "title": "Ratione porro excepturi.",
        "release": "1995-02-10",
        "duration": "6"
    },
    {
        "id": "84",
        "title": "Voluptatem voluptatem et.",
        "release": "1971-03-10",
        "duration": "6"
    },
    {
        "id": "85",
        "title": "Voluptatem commodi.",
        "release": "1994-04-04",
        "duration": "1"
    },
    {
        "id": "86",
        "title": "Ipsa temporibus id.",
        "release": "1977-08-31",
        "duration": "0"
    },
    {
        "id": "87",
        "title": "Et atque.",
        "release": "1991-05-08",
        "duration": "1"
    },
    {
        "id": "88",
        "title": "Est quia.",
        "release": "1985-09-12",
        "duration": "6"
    },
    {
        "id": "89",
        "title": "Aut commodi.",
        "release": "1989-05-21",
        "duration": "6"
    },
    {
        "id": "9",
        "title": "Et aut veniam.",
        "release": "1991-04-13",
        "duration": "6"
    },
    {
        "id": "90",
        "title": "Molestiae voluptatem.",
        "release": "2002-03-24",
        "duration": "7"
    },
    {
        "id": "91",
        "title": "Dolor maxime.",
        "release": "2020-07-27",
        "duration": "1"
    },
    {
        "id": "92",
        "title": "Illum non.",
        "release": "2014-04-20",
        "duration": "4"
    },
    {
        "id": "93",
        "title": "Molestiae aut eos.",
        "release": "2019-07-31",
        "duration": "1"
    },
    {
        "id": "94",
        "title": "Tempora placeat ratione.",
        "release": "1977-02-05",
        "duration": "0"
    },
    {
        "id": "95",
        "title": "Ut quia et.",
        "release": "1999-04-19",
        "duration": "8"
    },
    {
        "id": "96",
        "title": "Quis fugiat.",
        "release": "2014-04-13",
        "duration": "7"
    },
    {
        "id": "97",
        "title": "Quis perferendis.",
        "release": "2004-04-14",
        "duration": "2"
    },
    {
        "id": "98",
        "title": "Aliquid neque.",
        "release": "1977-07-15",
        "duration": "9"
    },
    {
        "id": "99",
        "title": "Minima et laudantium.",
        "release": "2002-07-06",
        "duration": "2"
    }
]