[
    {
        "album_id": "397",
        "artist_id": "287",
        "release": "1983-12-07"
    },
    {
        "album_id": "102",
        "artist_id": "275",
        "release": "1983-07-16"
    },
    {
        "album_id": "458",
        "artist_id": "373",
        "release": "1971-02-03"
    },
    {
        "album_id": "4",
        "artist_id": "277",
        "release": "1971-09-17"
    },
    {
        "album_id": "44",
        "artist_id": "156",
        "release": "1994-09-15"
    },
    {
        "album_id": "115",
        "artist_id": "315",
        "release": "1975-06-01"
    },
    {
        "album_id": "322",
        "artist_id": "307",
        "release": "2009-05-07"
    },
    {
        "album_id": "102",
        "artist_id": "28",
        "release": "1997-02-01"
    },
    {
        "album_id": "98",
        "artist_id": "342",
        "release": "2007-06-15"
    },
    {
        "album_id": "268",
        "artist_id": "170",
        "release": "2001-08-24"
    },
    {
        "album_id": "153",
        "artist_id": "52",
        "release": "1992-11-09"
    },
    {
        "album_id": "113",
        "artist_id": "145",
        "release": "1972-04-18"
    },
    {
        "album_id": "444",
        "artist_id": "282",
        "release": "2001-07-13"
    },
    {
        "album_id": "97",
        "artist_id": "485",
        "release": "1992-11-20"
    },
    {
        "album_id": "327",
        "artist_id": "41",
        "release": "2014-10-17"
    },
    {
        "album_id": "348",
        "artist_id": "288",
        "release": "2011-11-23"
    },
    {
        "album_id": "438",
        "artist_id": "206",
        "release": "1973-04-16"
    },
    {
        "album_id": "76",
        "artist_id": "229",
        "release": "2019-09-09"
    },
    {
        "album_id": "4",
        "artist_id": "330",
        "release": "1994-10-30"
    },
    {
        "album_id": "151",
        "artist_id": "215",
        "release": "2005-05-12"
    },
    {
        "album_id": "429",
        "artist_id": "21",
        "release": "2009-12-14"
    },
    {
        "album_id": "243",
        "artist_id": "348",
        "release": "1999-05-23"
    },
    {
        "album_id": "349",
        "artist_id": "171",
        "release": "2004-09-25"
    },
    {
        "album_id": "230",
        "artist_id": "479",
        "release": "1970-01-26"
    },
    {
        "album_id": "83",
        "artist_id": "449",
        "release": "2013-06-03"
    },
    {
        "album_id": "183",
        "artist_id": "430",
        "release": "2017-08-27"
    },
    {
        "album_id": "412",
        "artist_id": "300",
        "release": "2003-04-14"
    },
    {
        "album_id": "414",
        "artist_id": "91",
        "release": "1981-11-09"
    },
    {
        "album_id": "219",
        "artist_id": "492",
        "release": "2005-03-08"
    },
    {
        "album_id": "263",
        "artist_id": "85",
        "release": "1984-11-14"
    },
    {
        "album_id": "325",
        "artist_id": "54",
        "release": "2019-01-11"
    },
    {
        "album_id": "446",
        "artist_id": "93",
        "release": "1994-04-14"
    },
    {
        "album_id": "295",
        "artist_id": "65",
        "release": "1981-02-26"
    },
    {
        "album_id": "187",
        "artist_id": "185",
        "release": "1972-02-28"
    },
    {
        "album_id": "257",
        "artist_id": "245",
        "release": "2014-11-23"
    },
    {
        "album_id": "209",
        "artist_id": "256",
        "release": "1992-04-07"
    },
    {
        "album_id": "139",
        "artist_id": "441",
        "release": "2003-08-26"
    },
    {
        "album_id": "162",
        "artist_id": "236",
        "release": "2001-01-30"
    },
    {
        "album_id": "349",
        "artist_id": "369",
        "release": "1999-09-09"
    },
    {
        "album_id": "385",
        "artist_id": "150",
        "release": "1986-03-29"
    },
    {
        "album_id": "83",
        "artist_id": "226",
        "release": "1994-09-23"
    },
    {
        "album_id": "204",
        "artist_id": "192",
        "release": "2008-01-20"
    },
    {
        "album_id": "171",
        "artist_id": "157",
        "release": "1990-08-19"
    },
    {
        "album_id": "320",
        "artist_id": "433",
        "release": "2007-01-20"
    },
    {
        "album_id": "491",
        "artist_id": "427",
        "release": "2013-04-14"
    },
    {
        "album_id": "9",
        "artist_id": "351",
        "release": "1995-12-22"
    },
    {
        "album_id": "242",
        "artist_id": "123",
        "release": "1983-06-29"
    },
    {
        "album_id": "242",
        "artist_id": "72",
        "release": "1981-10-01"
    },
    {
        "album_id": "467",
        "artist_id": "469",
        "release": "2022-08-20"
    },
    {
        "album_id": "277",
        "artist_id": "139",
        "release": "1970-03-15"
    },
    {
        "album_id": "249",
        "artist_id": "174",
        "release": "2012-09-11"
    },
    {
        "album_id": "214",
        "artist_id": "133",
        "release": "1970-12-13"
    },
    {
        "album_id": "366",
        "artist_id": "48",
        "release": "2015-10-22"
    },
    {
        "album_id": "153",
        "artist_id": "446",
        "release": "2010-09-28"
    },
    {
        "album_id": "217",
        "artist_id": "333",
        "release": "2004-05-31"
    },
    {
        "album_id": "137",
        "artist_id": "452",
        "release": "2017-02-04"
    },
    {
        "album_id": "141",
        "artist_id": "194",
        "release": "2004-12-08"
    },
    {
        "album_id": "448",
        "artist_id": "19",
        "release": "2005-08-13"
    },
    {
        "album_id": "412",
        "artist_id": "19",
        "release": "2004-01-29"
    },
    {
        "album_id": "234",
        "artist_id": "358",
        "release": "2007-08-08"
    },
    {
        "album_id": "341",
        "artist_id": "57",
        "release": "2018-02-17"
    },
    {
        "album_id": "24",
        "artist_id": "282",
        "release": "2005-06-25"
    },
    {
        "album_id": "376",
        "artist_id": "158",
        "release": "1988-02-15"
    },
    {
        "album_id": "411",
        "artist_id": "400",
        "release": "1982-01-04"
    },
    {
        "album_id": "76",
        "artist_id": "150",
        "release": "2015-11-28"
    },
    {
        "album_id": "498",
        "artist_id": "286",
        "release": "2016-07-21"
    },
    {
        "album_id": "244",
        "artist_id": "272",
        "release": "1972-01-24"
    },
    {
        "album_id": "210",
        "artist_id": "303",
        "release": "1985-03-11"
    },
    {
        "album_id": "379",
        "artist_id": "361",
        "release": "1975-07-23"
    },
    {
        "album_id": "355",
        "artist_id": "416",
        "release": "2003-01-26"
    },
    {
        "album_id": "74",
        "artist_id": "242",
        "release": "2011-06-11"
    },
    {
        "album_id": "88",
        "artist_id": "130",
        "release": "2019-08-03"
    },
    {
        "album_id": "72",
        "artist_id": "59",
        "release": "1975-02-24"
    },
    {
        "album_id": "398",
        "artist_id": "411",
        "release": "1992-12-01"
    },
    {
        "album_id": "146",
        "artist_id": "447",
        "release": "2007-10-23"
    },
    {
        "album_id": "60",
        "artist_id": "305",
        "release": "2002-08-15"
    },
    {
        "album_id": "99",
        "artist_id": "428",
        "release": "1974-04-05"
    },
    {
        "album_id": "77",
        "artist_id": "217",
        "release": "1987-12-10"
    },
    {
        "album_id": "299",
        "artist_id": "3",
        "release": "1991-06-24"
    },
    {
        "album_id": "211",
        "artist_id": "105",
        "release": "1974-01-10"
    },
    {
        "album_id": "357",
        "artist_id": "410",
        "release": "1983-11-12"
    },
    {
        "album_id": "420",
        "artist_id": "271",
        "release": "1998-08-19"
    },
    {
        "album_id": "229",
        "artist_id": "249",
        "release": "2014-10-29"
    },
    {
        "album_id": "316",
        "artist_id": "499",
        "release": "2016-10-22"
    },
    {
        "album_id": "15",
        "artist_id": "19",
        "release": "2022-01-31"
    },
    {
        "album_id": "15",
        "artist_id": "34",
        "release": "1980-08-19"
    },
    {
        "album_id": "196",
        "artist_id": "164",
        "release": "1993-05-18"
    },
    {
        "album_id": "49",
        "artist_id": "482",
        "release": "1973-02-03"
    },
    {
        "album_id": "58",
        "artist_id": "126",
        "release": "1989-08-09"
    },
    {
        "album_id": "483",
        "artist_id": "238",
        "release": "1980-11-21"
    },
    {
        "album_id": "482",
        "artist_id": "341",
        "release": "1974-01-13"
    },
    {
        "album_id": "35",
        "artist_id": "68",
        "release": "1987-02-25"
    },
    {
        "album_id": "154",
        "artist_id": "429",
        "release": "1989-03-20"
    },
    {
        "album_id": "397",
        "artist_id": "316",
        "release": "1976-03-28"
    },
    {
        "album_id": "278",
        "artist_id": "355",
        "release": "1997-11-05"
    },
    {
        "album_id": "425",
        "artist_id": "214",
        "release": "2014-01-25"
    },
    {
        "album_id": "286",
        "artist_id": "12",
        "release": "2012-08-05"
    },
    {
        "album_id": "197",
        "artist_id": "120",
        "release": "2020-04-03"
    },
    {
        "album_id": "297",
        "artist_id": "500",
        "release": "2011-12-11"
    },
    {
        "album_id": "236",
        "artist_id": "294",
        "release": "1993-09-21"
    },
    {
        "album_id": "140",
        "artist_id": "317",
        "release": "2010-08-02"
    },
    {
        "album_id": "484",
        "artist_id": "461",
        "release": "1982-05-11"
    },
    {
        "album_id": "419",
        "artist_id": "65",
        "release": "1976-02-18"
    },
    {
        "album_id": "64",
        "artist_id": "291",
        "release": "2011-06-26"
    },
    {
        "album_id": "224",
        "artist_id": "141",
        "release": "2008-05-11"
    },
    {
        "album_id": "252",
        "artist_id": "378",
        "release": "2004-10-18"
    },
    {
        "album_id": "381",
        "artist_id": "389",
        "release": "2018-04-29"
    },
    {
        "album_id": "413",
        "artist_id": "318",
        "release": "2011-03-08"
    },
    {
        "album_id": "265",
        "artist_id": "288",
        "release": "2000-09-25"
    },
    {
        "album_id": "381",
        "artist_id": "381",
        "release": "2008-01-30"
    },
    {
        "album_id": "135",
        "artist_id": "343",
        "release": "2002-04-15"
    },
    {
        "album_id": "159",
        "artist_id": "187",
        "release": "1981-11-30"
    },
    {
        "album_id": "2",
        "artist_id": "416",
        "release": "1980-06-14"
    },
    {
        "album_id": "334",
        "artist_id": "401",
        "release": "1991-11-25"
    },
    {
        "album_id": "399",
        "artist_id": "343",
        "release": "2007-05-20"
    },
    {
        "album_id": "352",
        "artist_id": "248",
        "release": "2009-02-10"
    },
    {
        "album_id": "482",
        "artist_id": "285",
        "release": "2013-01-18"
    },
    {
        "album_id": "137",
        "artist_id": "248",
        "release": "2006-11-18"
    },
    {
        "album_id": "265",
        "artist_id": "20",
        "release": "1981-01-16"
    },
    {
        "album_id": "356",
        "artist_id": "225",
        "release": "2016-07-18"
    },
    {
        "album_id": "283",
        "artist_id": "118",
        "release": "1987-04-19"
    },
    {
        "album_id": "289",
        "artist_id": "72",
        "release": "1970-08-19"
    },
    {
        "album_id": "489",
        "artist_id": "402",
        "release": "1996-07-23"
    },
    {
        "album_id": "330",
        "artist_id": "118",
        "release": "2005-09-21"
    },
    {
        "album_id": "477",
        "artist_id": "404",
        "release": "2000-12-29"
    },
    {
        "album_id": "7",
        "artist_id": "200",
        "release": "2008-11-21"
    },
    {
        "album_id": "271",
        "artist_id": "192",
        "release": "1979-08-06"
    },
    {
        "album_id": "266",
        "artist_id": "37",
        "release": "2017-06-17"
    },
    {
        "album_id": "29",
        "artist_id": "43",
        "release": "1970-06-07"
    },
    {
        "album_id": "459",
        "artist_id": "153",
        "release": "2003-05-10"
    },
    {
        "album_id": "99",
        "artist_id": "110",
        "release": "1972-09-04"
    },
    {
        "album_id": "312",
        "artist_id": "397",
        "release": "1970-01-30"
    },
    {
        "album_id": "195",
        "artist_id": "310",
        "release": "2021-05-29"
    },
    {
        "album_id": "199",
        "artist_id": "47",
        "release": "1971-07-31"
    },
    {
        "album_id": "9",
        "artist_id": "244",
        "release": "1978-02-22"
    },
    {
        "album_id": "130",
        "artist_id": "69",
        "release": "1977-04-01"
    },
    {
        "album_id": "350",
        "artist_id": "427",
        "release": "1983-02-18"
    },
    {
        "album_id": "117",
        "artist_id": "389",
        "release": "2008-10-31"
    },
    {
        "album_id": "45",
        "artist_id": "498",
        "release": "1989-08-05"
    },
    {
        "album_id": "40",
        "artist_id": "338",
        "release": "2004-03-03"
    },
    {
        "album_id": "318",
        "artist_id": "29",
        "release": "1999-11-22"
    },
    {
        "album_id": "121",
        "artist_id": "345",
        "release": "2016-11-12"
    },
    {
        "album_id": "269",
        "artist_id": "219",
        "release": "1983-06-10"
    },
    {
        "album_id": "317",
        "artist_id": "69",
        "release": "1984-09-02"
    },
    {
        "album_id": "127",
        "artist_id": "343",
        "release": "1971-10-14"
    },
    {
        "album_id": "339",
        "artist_id": "84",
        "release": "2009-05-30"
    },
    {
        "album_id": "443",
        "artist_id": "364",
        "release": "1978-03-25"
    },
    {
        "album_id": "228",
        "artist_id": "463",
        "release": "1999-12-22"
    },
    {
        "album_id": "229",
        "artist_id": "364",
        "release": "1993-10-08"
    },
    {
        "album_id": "120",
        "artist_id": "81",
        "release": "1982-11-06"
    },
    {
        "album_id": "333",
        "artist_id": "396",
        "release": "2021-05-05"
    },
    {
        "album_id": "319",
        "artist_id": "499",
        "release": "2002-12-31"
    },
    {
        "album_id": "416",
        "artist_id": "65",
        "release": "2011-01-06"
    },
    {
        "album_id": "270",
        "artist_id": "309",
        "release": "1998-10-02"
    },
    {
        "album_id": "368",
        "artist_id": "483",
        "release": "1976-06-21"
    },
    {
        "album_id": "218",
        "artist_id": "305",
        "release": "1990-03-10"
    },
    {
        "album_id": "189",
        "artist_id": "120",
        "release": "1970-05-23"
    },
    {
        "album_id": "89",
        "artist_id": "444",
        "release": "2022-03-21"
    },
    {
        "album_id": "143",
        "artist_id": "87",
        "release": "2004-02-27"
    },
    {
        "album_id": "146",
        "artist_id": "332",
        "release": "1979-06-27"
    },
    {
        "album_id": "135",
        "artist_id": "302",
        "release": "2021-04-10"
    },
    {
        "album_id": "25",
        "artist_id": "187",
        "release": "2004-07-12"
    },
    {
        "album_id": "44",
        "artist_id": "297",
        "release": "1980-05-24"
    },
    {
        "album_id": "14",
        "artist_id": "23",
        "release": "2018-10-17"
    },
    {
        "album_id": "3",
        "artist_id": "399",
        "release": "2012-05-09"
    },
    {
        "album_id": "350",
        "artist_id": "439",
        "release": "2021-08-08"
    },
    {
        "album_id": "146",
        "artist_id": "408",
        "release": "1991-12-16"
    },
    {
        "album_id": "132",
        "artist_id": "21",
        "release": "2018-03-01"
    },
    {
        "album_id": "92",
        "artist_id": "367",
        "release": "2015-10-02"
    },
    {
        "album_id": "259",
        "artist_id": "8",
        "release": "2012-09-26"
    },
    {
        "album_id": "265",
        "artist_id": "237",
        "release": "2020-05-25"
    },
    {
        "album_id": "494",
        "artist_id": "129",
        "release": "1981-01-19"
    },
    {
        "album_id": "182",
        "artist_id": "471",
        "release": "1996-11-23"
    },
    {
        "album_id": "107",
        "artist_id": "215",
        "release": "1979-12-24"
    },
    {
        "album_id": "49",
        "artist_id": "404",
        "release": "1988-09-04"
    },
    {
        "album_id": "49",
        "artist_id": "370",
        "release": "1971-02-12"
    },
    {
        "album_id": "283",
        "artist_id": "56",
        "release": "1974-04-15"
    },
    {
        "album_id": "299",
        "artist_id": "199",
        "release": "2021-09-21"
    },
    {
        "album_id": "34",
        "artist_id": "105",
        "release": "1978-07-01"
    },
    {
        "album_id": "136",
        "artist_id": "395",
        "release": "1976-11-27"
    },
    {
        "album_id": "390",
        "artist_id": "333",
        "release": "1988-03-04"
    },
    {
        "album_id": "327",
        "artist_id": "385",
        "release": "1998-09-10"
    },
    {
        "album_id": "309",
        "artist_id": "173",
        "release": "1984-11-01"
    },
    {
        "album_id": "16",
        "artist_id": "144",
        "release": "1976-11-08"
    },
    {
        "album_id": "499",
        "artist_id": "15",
        "release": "2009-02-03"
    },
    {
        "album_id": "167",
        "artist_id": "174",
        "release": "1980-04-17"
    },
    {
        "album_id": "301",
        "artist_id": "310",
        "release": "2021-09-26"
    },
    {
        "album_id": "359",
        "artist_id": "270",
        "release": "2016-06-01"
    },
    {
        "album_id": "43",
        "artist_id": "495",
        "release": "1994-02-08"
    },
    {
        "album_id": "350",
        "artist_id": "228",
        "release": "1989-04-03"
    },
    {
        "album_id": "262",
        "artist_id": "154",
        "release": "1986-03-25"
    },
    {
        "album_id": "370",
        "artist_id": "330",
        "release": "1978-02-15"
    },
    {
        "album_id": "399",
        "artist_id": "373",
        "release": "2005-06-23"
    },
    {
        "album_id": "23",
        "artist_id": "156",
        "release": "1998-08-02"
    },
    {
        "album_id": "493",
        "artist_id": "215",
        "release": "2001-09-22"
    },
    {
        "album_id": "440",
        "artist_id": "355",
        "release": "1985-06-01"
    },
    {
        "album_id": "178",
        "artist_id": "464",
        "release": "2018-07-10"
    },
    {
        "album_id": "257",
        "artist_id": "420",
        "release": "2000-02-25"
    },
    {
        "album_id": "228",
        "artist_id": "472",
        "release": "1983-08-02"
    },
    {
        "album_id": "179",
        "artist_id": "213",
        "release": "1988-02-14"
    },
    {
        "album_id": "324",
        "artist_id": "390",
        "release": "2012-08-19"
    },
    {
        "album_id": "291",
        "artist_id": "183",
        "release": "2019-09-02"
    },
    {
        "album_id": "370",
        "artist_id": "263",
        "release": "1999-04-04"
    },
    {
        "album_id": "282",
        "artist_id": "417",
        "release": "1997-10-18"
    },
    {
        "album_id": "310",
        "artist_id": "234",
        "release": "2011-04-09"
    },
    {
        "album_id": "275",
        "artist_id": "167",
        "release": "1983-03-13"
    },
    {
        "album_id": "459",
        "artist_id": "360",
        "release": "1976-04-21"
    },
    {
        "album_id": "52",
        "artist_id": "12",
        "release": "1997-09-23"
    },
    {
        "album_id": "326",
        "artist_id": "391",
        "release": "1999-05-15"
    },
    {
        "album_id": "141",
        "artist_id": "318",
        "release": "2006-07-07"
    },
    {
        "album_id": "10",
        "artist_id": "267",
        "release": "2011-06-16"
    },
    {
        "album_id": "71",
        "artist_id": "52",
        "release": "2013-06-22"
    },
    {
        "album_id": "79",
        "artist_id": "77",
        "release": "2002-06-29"
    },
    {
        "album_id": "103",
        "artist_id": "270",
        "release": "1992-07-01"
    },
    {
        "album_id": "132",
        "artist_id": "420",
        "release": "2011-09-23"
    },
    {
        "album_id": "127",
        "artist_id": "185",
        "release": "2015-11-18"
    },
    {
        "album_id": "388",
        "artist_id": "169",
        "release": "1981-10-03"
    },
    {
        "album_id": "231",
        "artist_id": "329",
        "release": "1996-08-08"
    },
    {
        "album_id": "310",
        "artist_id": "181",
        "release": "2023-12-08"
    },
    {
        "album_id": "88",
        "artist_id": "325",
        "release": "2007-02-04"
    },
    {
        "album_id": "228",
        "artist_id": "244",
        "release": "1995-03-28"
    },
    {
        "album_id": "363",
        "artist_id": "273",
        "release": "1990-04-06"
    },
    {
        "album_id": "233",
        "artist_id": "476",
        "release": "2013-04-07"
    },
    {
        "album_id": "237",
        "artist_id": "18",
        "release": "1980-07-16"
    },
    {
        "album_id": "489",
        "artist_id": "122",
        "release": "1972-04-28"
    },
    {
        "album_id": "170",
        "artist_id": "487",
        "release": "1975-05-02"
    },
    {
        "album_id": "343",
        "artist_id": "138",
        "release": "1970-02-15"
    },
    {
        "album_id": "371",
        "artist_id": "367",
        "release": "1983-12-06"
    },
    {
        "album_id": "238",
        "artist_id": "279",
        "release": "2004-03-10"
    },
    {
        "album_id": "2",
        "artist_id": "135",
        "release": "2017-02-25"
    },
    {
        "album_id": "143",
        "artist_id": "11",
        "release": "2012-02-05"
    },
    {
        "album_id": "246",
        "artist_id": "165",
        "release": "1991-11-10"
    },
    {
        "album_id": "455",
        "artist_id": "292",
        "release": "2001-05-24"
    },
    {
        "album_id": "240",
        "artist_id": "117",
        "release": "1973-10-31"
    },
    {
        "album_id": "289",
        "artist_id": "47",
        "release": "2020-09-05"
    },
    {
        "album_id": "13",
        "artist_id": "395",
        "release": "1993-07-17"
    },
    {
        "album_id": "206",
        "artist_id": "82",
        "release": "2000-08-16"
    },
    {
        "album_id": "371",
        "artist_id": "144",
        "release": "1982-09-22"
    },
    {
        "album_id": "169",
        "artist_id": "219",
        "release": "1983-09-30"
    },
    {
        "album_id": "405",
        "artist_id": "370",
        "release": "1987-06-26"
    },
    {
        "album_id": "69",
        "artist_id": "44",
        "release": "2004-08-09"
    },
    {
        "album_id": "343",
        "artist_id": "447",
        "release": "1998-09-25"
    },
    {
        "album_id": "58",
        "artist_id": "181",
        "release": "1980-06-03"
    },
    {
        "album_id": "13",
        "artist_id": "70",
        "release": "1991-05-25"
    },
    {
        "album_id": "333",
        "artist_id": "429",
        "release": "2000-09-05"
    },
    {
        "album_id": "216",
        "artist_id": "141",
        "release": "2018-12-01"
    },
    {
        "album_id": "320",
        "artist_id": "327",
        "release": "2001-01-12"
    },
    {
        "album_id": "491",
        "artist_id": "71",
        "release": "1974-11-26"
    },
    {
        "album_id": "59",
        "artist_id": "192",
        "release": "2022-07-03"
    },
    {
        "album_id": "109",
        "artist_id": "69",
        "release": "2011-09-29"
    },
    {
        "album_id": "432",
        "artist_id": "128",
        "release": "2022-05-22"
    },
    {
        "album_id": "410",
        "artist_id": "463",
        "release": "1995-06-13"
    },
    {
        "album_id": "328",
        "artist_id": "125",
        "release": "2020-12-08"
    },
    {
        "album_id": "285",
        "artist_id": "173",
        "release": "1994-09-25"
    },
    {
        "album_id": "221",
        "artist_id": "34",
        "release": "1972-08-07"
    },
    {
        "album_id": "44",
        "artist_id": "353",
        "release": "2015-10-19"
    },
    {
        "album_id": "56",
        "artist_id": "462",
        "release": "1995-02-07"
    },
    {
        "album_id": "271",
        "artist_id": "260",
        "release": "1989-08-17"
    },
    {
        "album_id": "4",
        "artist_id": "352",
        "release": "2006-05-17"
    },
    {
        "album_id": "465",
        "artist_id": "495",
        "release": "2015-10-12"
    },
    {
        "album_id": "201",
        "artist_id": "485",
        "release": "2013-08-18"
    },
    {
        "album_id": "297",
        "artist_id": "382",
        "release": "1996-12-22"
    },
    {
        "album_id": "203",
        "artist_id": "358",
        "release": "2023-07-09"
    },
    {
        "album_id": "248",
        "artist_id": "76",
        "release": "1999-07-19"
    },
    {
        "album_id": "118",
        "artist_id": "348",
        "release": "2007-02-22"
    },
    {
        "album_id": "218",
        "artist_id": "125",
        "release": "2001-08-25"
    },
    {
        "album_id": "22",
        "artist_id": "151",
        "release": "2015-03-11"
    },
    {
        "album_id": "282",
        "artist_id": "342",
        "release": "1984-07-12"
    },
    {
        "album_id": "247",
        "artist_id": "5",
        "release": "1993-06-17"
    },
    {
        "album_id": "395",
        "artist_id": "483",
        "release": "1997-06-24"
    },
    {
        "album_id": "301",
        "artist_id": "214",
        "release": "1986-12-02"
    },
    {
        "album_id": "340",
        "artist_id": "277",
        "release": "1989-10-17"
    },
    {
        "album_id": "472",
        "artist_id": "125",
        "release": "2020-02-29"
    },
    {
        "album_id": "138",
        "artist_id": "96",
        "release": "1973-09-05"
    },
    {
        "album_id": "48",
        "artist_id": "404",
        "release": "1988-07-06"
    },
    {
        "album_id": "20",
        "artist_id": "326",
        "release": "1977-01-13"
    },
    {
        "album_id": "377",
        "artist_id": "398",
        "release": "1977-12-10"
    },
    {
        "album_id": "459",
        "artist_id": "390",
        "release": "2003-03-09"
    },
    {
        "album_id": "359",
        "artist_id": "254",
        "release": "1991-11-08"
    },
    {
        "album_id": "5",
        "artist_id": "284",
        "release": "2013-05-14"
    },
    {
        "album_id": "438",
        "artist_id": "326",
        "release": "2012-03-26"
    },
    {
        "album_id": "269",
        "artist_id": "450",
        "release": "2007-08-31"
    },
    {
        "album_id": "385",
        "artist_id": "32",
        "release": "1972-07-24"
    },
    {
        "album_id": "441",
        "artist_id": "500",
        "release": "2006-07-28"
    },
    {
        "album_id": "161",
        "artist_id": "488",
        "release": "1984-04-28"
    },
    {
        "album_id": "375",
        "artist_id": "435",
        "release": "1984-09-05"
    },
    {
        "album_id": "229",
        "artist_id": "492",
        "release": "2006-08-01"
    },
    {
        "album_id": "212",
        "artist_id": "356",
        "release": "1988-06-20"
    },
    {
        "album_id": "12",
        "artist_id": "308",
        "release": "1979-12-06"
    },
    {
        "album_id": "217",
        "artist_id": "301",
        "release": "1978-07-20"
    },
    {
        "album_id": "13",
        "artist_id": "225",
        "release": "1977-12-29"
    },
    {
        "album_id": "279",
        "artist_id": "438",
        "release": "1971-12-25"
    },
    {
        "album_id": "431",
        "artist_id": "189",
        "release": "1978-02-27"
    },
    {
        "album_id": "324",
        "artist_id": "377",
        "release": "2008-03-13"
    },
    {
        "album_id": "2",
        "artist_id": "188",
        "release": "2005-11-15"
    },
    {
        "album_id": "388",
        "artist_id": "381",
        "release": "2014-05-23"
    },
    {
        "album_id": "450",
        "artist_id": "172",
        "release": "1973-12-03"
    },
    {
        "album_id": "96",
        "artist_id": "8",
        "release": "1970-02-19"
    },
    {
        "album_id": "152",
        "artist_id": "222",
        "release": "2017-03-04"
    },
    {
        "album_id": "170",
        "artist_id": "482",
        "release": "2018-09-08"
    },
    {
        "album_id": "198",
        "artist_id": "402",
        "release": "2018-03-20"
    },
    {
        "album_id": "384",
        "artist_id": "198",
        "release": "2021-12-03"
    },
    {
        "album_id": "39",
        "artist_id": "356",
        "release": "1976-04-16"
    },
    {
        "album_id": "224",
        "artist_id": "239",
        "release": "2005-04-14"
    },
    {
        "album_id": "260",
        "artist_id": "489",
        "release": "2015-08-15"
    },
    {
        "album_id": "218",
        "artist_id": "138",
        "release": "2021-10-14"
    },
    {
        "album_id": "113",
        "artist_id": "387",
        "release": "1983-01-26"
    },
    {
        "album_id": "54",
        "artist_id": "248",
        "release": "1987-04-07"
    },
    {
        "album_id": "321",
        "artist_id": "34",
        "release": "2017-04-07"
    },
    {
        "album_id": "98",
        "artist_id": "277",
        "release": "2014-12-29"
    },
    {
        "album_id": "2",
        "artist_id": "219",
        "release": "2014-10-04"
    },
    {
        "album_id": "456",
        "artist_id": "309",
        "release": "2012-09-28"
    },
    {
        "album_id": "126",
        "artist_id": "295",
        "release": "1997-07-10"
    },
    {
        "album_id": "251",
        "artist_id": "43",
        "release": "1994-05-19"
    },
    {
        "album_id": "447",
        "artist_id": "106",
        "release": "2023-07-14"
    },
    {
        "album_id": "442",
        "artist_id": "328",
        "release": "1976-06-10"
    },
    {
        "album_id": "133",
        "artist_id": "98",
        "release": "1981-12-30"
    },
    {
        "album_id": "425",
        "artist_id": "298",
        "release": "1975-10-19"
    },
    {
        "album_id": "24",
        "artist_id": "194",
        "release": "1970-03-24"
    },
    {
        "album_id": "98",
        "artist_id": "265",
        "release": "2002-10-04"
    },
    {
        "album_id": "416",
        "artist_id": "136",
        "release": "2004-07-28"
    },
    {
        "album_id": "400",
        "artist_id": "81",
        "release": "2022-10-06"
    },
    {
        "album_id": "483",
        "artist_id": "358",
        "release": "2011-07-13"
    },
    {
        "album_id": "119",
        "artist_id": "115",
        "release": "2008-06-01"
    },
    {
        "album_id": "267",
        "artist_id": "148",
        "release": "1993-12-01"
    },
    {
        "album_id": "140",
        "artist_id": "477",
        "release": "2013-01-20"
    },
    {
        "album_id": "383",
        "artist_id": "430",
        "release": "2005-12-30"
    },
    {
        "album_id": "332",
        "artist_id": "411",
        "release": "1994-02-11"
    },
    {
        "album_id": "86",
        "artist_id": "240",
        "release": "2001-04-27"
    },
    {
        "album_id": "38",
        "artist_id": "297",
        "release": "1990-01-13"
    },
    {
        "album_id": "222",
        "artist_id": "407",
        "release": "1996-02-17"
    },
    {
        "album_id": "478",
        "artist_id": "49",
        "release": "2003-11-30"
    },
    {
        "album_id": "138",
        "artist_id": "454",
        "release": "1976-07-15"
    },
    {
        "album_id": "287",
        "artist_id": "450",
        "release": "1975-02-16"
    },
    {
        "album_id": "32",
        "artist_id": "484",
        "release": "1986-04-17"
    },
    {
        "album_id": "394",
        "artist_id": "54",
        "release": "1976-08-22"
    },
    {
        "album_id": "298",
        "artist_id": "105",
        "release": "1972-09-20"
    },
    {
        "album_id": "431",
        "artist_id": "130",
        "release": "2002-07-04"
    },
    {
        "album_id": "192",
        "artist_id": "425",
        "release": "1987-03-16"
    },
    {
        "album_id": "403",
        "artist_id": "429",
        "release": "2003-12-14"
    },
    {
        "album_id": "169",
        "artist_id": "285",
        "release": "1982-08-30"
    },
    {
        "album_id": "11",
        "artist_id": "44",
        "release": "2014-05-16"
    },
    {
        "album_id": "105",
        "artist_id": "470",
        "release": "1990-07-08"
    },
    {
        "album_id": "91",
        "artist_id": "99",
        "release": "1982-09-18"
    },
    {
        "album_id": "8",
        "artist_id": "486",
        "release": "1994-01-13"
    },
    {
        "album_id": "339",
        "artist_id": "173",
        "release": "2016-08-01"
    },
    {
        "album_id": "234",
        "artist_id": "399",
        "release": "1971-09-15"
    },
    {
        "album_id": "121",
        "artist_id": "394",
        "release": "1985-05-07"
    },
    {
        "album_id": "133",
        "artist_id": "284",
        "release": "1988-12-11"
    },
    {
        "album_id": "483",
        "artist_id": "268",
        "release": "1978-03-13"
    },
    {
        "album_id": "196",
        "artist_id": "177",
        "release": "1980-05-25"
    },
    {
        "album_id": "199",
        "artist_id": "70",
        "release": "2021-03-05"
    },
    {
        "album_id": "233",
        "artist_id": "49",
        "release": "1978-07-07"
    },
    {
        "album_id": "60",
        "artist_id": "422",
        "release": "2017-11-10"
    },
    {
        "album_id": "364",
        "artist_id": "146",
        "release": "1989-07-20"
    },
    {
        "album_id": "415",
        "artist_id": "480",
        "release": "1978-01-17"
    },
    {
        "album_id": "156",
        "artist_id": "96",
        "release": "1997-09-06"
    },
    {
        "album_id": "464",
        "artist_id": "30",
        "release": "1985-11-10"
    },
    {
        "album_id": "324",
        "artist_id": "252",
        "release": "1977-07-14"
    },
    {
        "album_id": "390",
        "artist_id": "230",
        "release": "1970-09-13"
    },
    {
        "album_id": "321",
        "artist_id": "443",
        "release": "2019-09-26"
    },
    {
        "album_id": "293",
        "artist_id": "244",
        "release": "2014-08-12"
    },
    {
        "album_id": "133",
        "artist_id": "479",
        "release": "1992-05-21"
    },
    {
        "album_id": "25",
        "artist_id": "80",
        "release": "2006-11-24"
    },
    {
        "album_id": "56",
        "artist_id": "369",
        "release": "2010-01-11"
    },
    {
        "album_id": "448",
        "artist_id": "184",
        "release": "2011-10-18"
    },
    {
        "album_id": "122",
        "artist_id": "137",
        "release": "1992-04-05"
    },
    {
        "album_id": "266",
        "artist_id": "258",
        "release": "2010-06-06"
    },
    {
        "album_id": "60",
        "artist_id": "84",
        "release": "2017-01-17"
    },
    {
        "album_id": "284",
        "artist_id": "145",
        "release": "2018-10-04"
    },
    {
        "album_id": "174",
        "artist_id": "333",
        "release": "1976-09-01"
    },
    {
        "album_id": "218",
        "artist_id": "349",
        "release": "1986-11-17"
    },
    {
        "album_id": "148",
        "artist_id": "420",
        "release": "1985-08-23"
    },
    {
        "album_id": "223",
        "artist_id": "110",
        "release": "1972-07-11"
    },
    {
        "album_id": "11",
        "artist_id": "227",
        "release": "1989-04-06"
    },
    {
        "album_id": "415",
        "artist_id": "226",
        "release": "1971-01-31"
    },
    {
        "album_id": "50",
        "artist_id": "422",
        "release": "1970-08-03"
    },
    {
        "album_id": "364",
        "artist_id": "446",
        "release": "1992-10-28"
    },
    {
        "album_id": "69",
        "artist_id": "57",
        "release": "1993-07-17"
    },
    {
        "album_id": "43",
        "artist_id": "467",
        "release": "1999-04-02"
    },
    {
        "album_id": "251",
        "artist_id": "102",
        "release": "1983-12-14"
    },
    {
        "album_id": "279",
        "artist_id": "392",
        "release": "1999-06-29"
    },
    {
        "album_id": "38",
        "artist_id": "137",
        "release": "2019-11-18"
    },
    {
        "album_id": "481",
        "artist_id": "131",
        "release": "2011-04-07"
    },
    {
        "album_id": "367",
        "artist_id": "237",
        "release": "2022-09-08"
    },
    {
        "album_id": "43",
        "artist_id": "52",
        "release": "1979-11-13"
    },
    {
        "album_id": "208",
        "artist_id": "316",
        "release": "1984-08-09"
    },
    {
        "album_id": "255",
        "artist_id": "422",
        "release": "1977-09-16"
    },
    {
        "album_id": "30",
        "artist_id": "130",
        "release": "1978-01-16"
    },
    {
        "album_id": "74",
        "artist_id": "215",
        "release": "1973-09-24"
    },
    {
        "album_id": "295",
        "artist_id": "432",
        "release": "2005-11-30"
    },
    {
        "album_id": "413",
        "artist_id": "14",
        "release": "1982-03-11"
    },
    {
        "album_id": "227",
        "artist_id": "144",
        "release": "1991-11-06"
    },
    {
        "album_id": "454",
        "artist_id": "44",
        "release": "1993-06-29"
    },
    {
        "album_id": "23",
        "artist_id": "109",
        "release": "1994-01-13"
    },
    {
        "album_id": "49",
        "artist_id": "274",
        "release": "2001-07-02"
    },
    {
        "album_id": "41",
        "artist_id": "248",
        "release": "1976-07-12"
    },
    {
        "album_id": "269",
        "artist_id": "472",
        "release": "1982-04-01"
    },
    {
        "album_id": "294",
        "artist_id": "267",
        "release": "1971-07-01"
    },
    {
        "album_id": "94",
        "artist_id": "213",
        "release": "2013-06-16"
    },
    {
        "album_id": "466",
        "artist_id": "335",
        "release": "2002-02-25"
    },
    {
        "album_id": "54",
        "artist_id": "340",
        "release": "1992-09-14"
    },
    {
        "album_id": "426",
        "artist_id": "466",
        "release": "2021-05-15"
    },
    {
        "album_id": "423",
        "artist_id": "376",
        "release": "1995-01-05"
    },
    {
        "album_id": "114",
        "artist_id": "254",
        "release": "1997-02-20"
    },
    {
        "album_id": "358",
        "artist_id": "244",
        "release": "1993-05-22"
    },
    {
        "album_id": "41",
        "artist_id": "3",
        "release": "2019-01-06"
    },
    {
        "album_id": "235",
        "artist_id": "186",
        "release": "1980-09-06"
    },
    {
        "album_id": "86",
        "artist_id": "68",
        "release": "2012-09-05"
    },
    {
        "album_id": "312",
        "artist_id": "151",
        "release": "1980-01-31"
    },
    {
        "album_id": "487",
        "artist_id": "37",
        "release": "2006-05-15"
    },
    {
        "album_id": "203",
        "artist_id": "91",
        "release": "1979-08-19"
    },
    {
        "album_id": "89",
        "artist_id": "313",
        "release": "1994-05-09"
    },
    {
        "album_id": "328",
        "artist_id": "224",
        "release": "1997-10-24"
    },
    {
        "album_id": "456",
        "artist_id": "435",
        "release": "2022-06-16"
    },
    {
        "album_id": "52",
        "artist_id": "289",
        "release": "1985-01-20"
    },
    {
        "album_id": "400",
        "artist_id": "405",
        "release": "1982-04-29"
    },
    {
        "album_id": "236",
        "artist_id": "447",
        "release": "1993-12-02"
    },
    {
        "album_id": "315",
        "artist_id": "43",
        "release": "2005-08-13"
    },
    {
        "album_id": "342",
        "artist_id": "480",
        "release": "1991-01-31"
    },
    {
        "album_id": "53",
        "artist_id": "141",
        "release": "2022-10-27"
    },
    {
        "album_id": "499",
        "artist_id": "135",
        "release": "1990-01-20"
    },
    {
        "album_id": "10",
        "artist_id": "350",
        "release": "2004-02-25"
    },
    {
        "album_id": "94",
        "artist_id": "198",
        "release": "1997-06-09"
    },
    {
        "album_id": "338",
        "artist_id": "215",
        "release": "2009-12-30"
    },
    {
        "album_id": "155",
        "artist_id": "18",
        "release": "1983-11-26"
    },
    {
        "album_id": "451",
        "artist_id": "140",
        "release": "1990-03-17"
    },
    {
        "album_id": "104",
        "artist_id": "78",
        "release": "1979-11-27"
    },
    {
        "album_id": "334",
        "artist_id": "153",
        "release": "1995-12-06"
    },
    {
        "album_id": "177",
        "artist_id": "80",
        "release": "2005-08-04"
    },
    {
        "album_id": "421",
        "artist_id": "125",
        "release": "1975-03-09"
    },
    {
        "album_id": "403",
        "artist_id": "347",
        "release": "2006-05-15"
    },
    {
        "album_id": "439",
        "artist_id": "183",
        "release": "1973-09-03"
    },
    {
        "album_id": "288",
        "artist_id": "77",
        "release": "1997-08-03"
    },
    {
        "album_id": "482",
        "artist_id": "337",
        "release": "2009-05-04"
    },
    {
        "album_id": "74",
        "artist_id": "49",
        "release": "2017-02-08"
    },
    {
        "album_id": "347",
        "artist_id": "50",
        "release": "1995-02-26"
    },
    {
        "album_id": "178",
        "artist_id": "445",
        "release": "2019-03-10"
    },
    {
        "album_id": "138",
        "artist_id": "168",
        "release": "1997-01-16"
    },
    {
        "album_id": "401",
        "artist_id": "481",
        "release": "1995-08-22"
    },
    {
        "album_id": "49",
        "artist_id": "458",
        "release": "2012-07-24"
    },
    {
        "album_id": "14",
        "artist_id": "45",
        "release": "1979-03-09"
    },
    {
        "album_id": "158",
        "artist_id": "38",
        "release": "1978-07-10"
    },
    {
        "album_id": "282",
        "artist_id": "134",
        "release": "1994-11-12"
    },
    {
        "album_id": "349",
        "artist_id": "92",
        "release": "1976-08-30"
    },
    {
        "album_id": "138",
        "artist_id": "189",
        "release": "2018-08-23"
    },
    {
        "album_id": "264",
        "artist_id": "309",
        "release": "1986-11-09"
    },
    {
        "album_id": "18",
        "artist_id": "308",
        "release": "1978-08-15"
    },
    {
        "album_id": "372",
        "artist_id": "221",
        "release": "2007-08-10"
    },
    {
        "album_id": "294",
        "artist_id": "242",
        "release": "1982-11-27"
    },
    {
        "album_id": "216",
        "artist_id": "309",
        "release": "1972-05-24"
    },
    {
        "album_id": "468",
        "artist_id": "125",
        "release": "1974-08-30"
    },
    {
        "album_id": "177",
        "artist_id": "171",
        "release": "2019-07-08"
    },
    {
        "album_id": "474",
        "artist_id": "246",
        "release": "1970-06-02"
    },
    {
        "album_id": "87",
        "artist_id": "387",
        "release": "1992-05-13"
    },
    {
        "album_id": "434",
        "artist_id": "420",
        "release": "2011-04-29"
    },
    {
        "album_id": "280",
        "artist_id": "130",
        "release": "1984-09-12"
    },
    {
        "album_id": "227",
        "artist_id": "450",
        "release": "2020-11-21"
    },
    {
        "album_id": "344",
        "artist_id": "66",
        "release": "2006-09-23"
    },
    {
        "album_id": "362",
        "artist_id": "327",
        "release": "1976-08-04"
    },
    {
        "album_id": "394",
        "artist_id": "461",
        "release": "1973-03-06"
    },
    {
        "album_id": "62",
        "artist_id": "450",
        "release": "1998-02-28"
    },
    {
        "album_id": "124",
        "artist_id": "168",
        "release": "1979-05-14"
    },
    {
        "album_id": "149",
        "artist_id": "309",
        "release": "2013-08-30"
    },
    {
        "album_id": "224",
        "artist_id": "121",
        "release": "1970-03-09"
    },
    {
        "album_id": "272",
        "artist_id": "137",
        "release": "1983-06-17"
    },
    {
        "album_id": "408",
        "artist_id": "462",
        "release": "2019-07-28"
    },
    {
        "album_id": "286",
        "artist_id": "441",
        "release": "2002-10-08"
    },
    {
        "album_id": "104",
        "artist_id": "316",
        "release": "2015-12-02"
    },
    {
        "album_id": "263",
        "artist_id": "207",
        "release": "2020-12-15"
    },
    {
        "album_id": "425",
        "artist_id": "264",
        "release": "1988-10-29"
    },
    {
        "album_id": "208",
        "artist_id": "418",
        "release": "2019-02-25"
    },
    {
        "album_id": "142",
        "artist_id": "160",
        "release": "1997-06-20"
    },
    {
        "album_id": "243",
        "artist_id": "246",
        "release": "1985-06-08"
    },
    {
        "album_id": "336",
        "artist_id": "243",
        "release": "1975-12-10"
    },
    {
        "album_id": "127",
        "artist_id": "202",
        "release": "2005-05-05"
    },
    {
        "album_id": "195",
        "artist_id": "60",
        "release": "2019-09-09"
    },
    {
        "album_id": "355",
        "artist_id": "196",
        "release": "2009-05-08"
    },
    {
        "album_id": "390",
        "artist_id": "275",
        "release": "1989-08-26"
    },
    {
        "album_id": "117",
        "artist_id": "107",
        "release": "1971-12-10"
    },
    {
        "album_id": "459",
        "artist_id": "191",
        "release": "1971-12-11"
    },
    {
        "album_id": "485",
        "artist_id": "199",
        "release": "2022-11-16"
    },
    {
        "album_id": "249",
        "artist_id": "435",
        "release": "1990-06-14"
    },
    {
        "album_id": "234",
        "artist_id": "39",
        "release": "1983-01-27"
    },
    {
        "album_id": "366",
        "artist_id": "218",
        "release": "2009-05-08"
    },
    {
        "album_id": "181",
        "artist_id": "222",
        "release": "2005-10-17"
    },
    {
        "album_id": "135",
        "artist_id": "255",
        "release": "1992-07-07"
    },
    {
        "album_id": "182",
        "artist_id": "351",
        "release": "1979-12-31"
    },
    {
        "album_id": "339",
        "artist_id": "137",
        "release": "2019-09-04"
    },
    {
        "album_id": "170",
        "artist_id": "148",
        "release": "2013-07-29"
    },
    {
        "album_id": "264",
        "artist_id": "67",
        "release": "2014-12-25"
    },
    {
        "album_id": "498",
        "artist_id": "392",
        "release": "1993-02-01"
    },
    {
        "album_id": "449",
        "artist_id": "245",
        "release": "2009-03-02"
    },
    {
        "album_id": "193",
        "artist_id": "258",
        "release": "1995-06-08"
    },
    {
        "album_id": "268",
        "artist_id": "210",
        "release": "1970-09-06"
    },
    {
        "album_id": "445",
        "artist_id": "487",
        "release": "1991-12-17"
    },
    {
        "album_id": "492",
        "artist_id": "119",
        "release": "1997-11-30"
    },
    {
        "album_id": "190",
        "artist_id": "293",
        "release": "1986-03-19"
    },
    {
        "album_id": "283",
        "artist_id": "11",
        "release": "2009-08-11"
    },
    {
        "album_id": "381",
        "artist_id": "409",
        "release": "2015-04-05"
    }
]