[
    {
        "playlist_id": "247",
        "song_id": "178"
    },
    {
        "playlist_id": "150",
        "song_id": "128"
    },
    {
        "playlist_id": "459",
        "song_id": "195"
    },
    {
        "playlist_id": "252",
        "song_id": "66"
    },
    {
        "playlist_id": "93",
        "song_id": "131"
    },
    {
        "playlist_id": "219",
        "song_id": "314"
    },
    {
        "playlist_id": "67",
        "song_id": "399"
    },
    {
        "playlist_id": "144",
        "song_id": "412"
    },
    {
        "playlist_id": "333",
        "song_id": "10"
    },
    {
        "playlist_id": "171",
        "song_id": "347"
    },
    {
        "playlist_id": "76",
        "song_id": "17"
    },
    {
        "playlist_id": "223",
        "song_id": "125"
    },
    {
        "playlist_id": "407",
        "song_id": "195"
    },
    {
        "playlist_id": "405",
        "song_id": "98"
    },
    {
        "playlist_id": "368",
        "song_id": "130"
    },
    {
        "playlist_id": "234",
        "song_id": "125"
    },
    {
        "playlist_id": "71",
        "song_id": "51"
    },
    {
        "playlist_id": "80",
        "song_id": "30"
    },
    {
        "playlist_id": "136",
        "song_id": "272"
    },
    {
        "playlist_id": "433",
        "song_id": "253"
    },
    {
        "playlist_id": "290",
        "song_id": "420"
    },
    {
        "playlist_id": "143",
        "song_id": "485"
    },
    {
        "playlist_id": "136",
        "song_id": "250"
    },
    {
        "playlist_id": "314",
        "song_id": "64"
    },
    {
        "playlist_id": "448",
        "song_id": "41"
    },
    {
        "playlist_id": "345",
        "song_id": "178"
    },
    {
        "playlist_id": "104",
        "song_id": "237"
    },
    {
        "playlist_id": "348",
        "song_id": "483"
    },
    {
        "playlist_id": "481",
        "song_id": "126"
    },
    {
        "playlist_id": "107",
        "song_id": "133"
    },
    {
        "playlist_id": "346",
        "song_id": "226"
    },
    {
        "playlist_id": "216",
        "song_id": "156"
    },
    {
        "playlist_id": "301",
        "song_id": "454"
    },
    {
        "playlist_id": "82",
        "song_id": "185"
    },
    {
        "playlist_id": "227",
        "song_id": "329"
    },
    {
        "playlist_id": "284",
        "song_id": "229"
    },
    {
        "playlist_id": "47",
        "song_id": "107"
    },
    {
        "playlist_id": "86",
        "song_id": "135"
    },
    {
        "playlist_id": "130",
        "song_id": "446"
    },
    {
        "playlist_id": "113",
        "song_id": "47"
    },
    {
        "playlist_id": "266",
        "song_id": "412"
    },
    {
        "playlist_id": "93",
        "song_id": "444"
    },
    {
        "playlist_id": "143",
        "song_id": "206"
    },
    {
        "playlist_id": "465",
        "song_id": "463"
    },
    {
        "playlist_id": "421",
        "song_id": "81"
    },
    {
        "playlist_id": "450",
        "song_id": "36"
    },
    {
        "playlist_id": "76",
        "song_id": "144"
    },
    {
        "playlist_id": "237",
        "song_id": "235"
    },
    {
        "playlist_id": "96",
        "song_id": "137"
    },
    {
        "playlist_id": "327",
        "song_id": "109"
    },
    {
        "playlist_id": "438",
        "song_id": "441"
    },
    {
        "playlist_id": "491",
        "song_id": "116"
    },
    {
        "playlist_id": "40",
        "song_id": "342"
    },
    {
        "playlist_id": "493",
        "song_id": "164"
    },
    {
        "playlist_id": "153",
        "song_id": "31"
    },
    {
        "playlist_id": "160",
        "song_id": "141"
    },
    {
        "playlist_id": "383",
        "song_id": "319"
    },
    {
        "playlist_id": "4",
        "song_id": "98"
    },
    {
        "playlist_id": "374",
        "song_id": "339"
    },
    {
        "playlist_id": "484",
        "song_id": "402"
    },
    {
        "playlist_id": "101",
        "song_id": "35"
    },
    {
        "playlist_id": "450",
        "song_id": "142"
    },
    {
        "playlist_id": "103",
        "song_id": "111"
    },
    {
        "playlist_id": "260",
        "song_id": "118"
    },
    {
        "playlist_id": "263",
        "song_id": "287"
    },
    {
        "playlist_id": "131",
        "song_id": "61"
    },
    {
        "playlist_id": "184",
        "song_id": "8"
    },
    {
        "playlist_id": "268",
        "song_id": "270"
    },
    {
        "playlist_id": "343",
        "song_id": "3"
    },
    {
        "playlist_id": "278",
        "song_id": "193"
    },
    {
        "playlist_id": "454",
        "song_id": "324"
    },
    {
        "playlist_id": "268",
        "song_id": "413"
    },
    {
        "playlist_id": "185",
        "song_id": "2"
    },
    {
        "playlist_id": "469",
        "song_id": "133"
    },
    {
        "playlist_id": "324",
        "song_id": "190"
    },
    {
        "playlist_id": "233",
        "song_id": "128"
    },
    {
        "playlist_id": "43",
        "song_id": "345"
    },
    {
        "playlist_id": "371",
        "song_id": "157"
    },
    {
        "playlist_id": "272",
        "song_id": "280"
    },
    {
        "playlist_id": "268",
        "song_id": "438"
    },
    {
        "playlist_id": "481",
        "song_id": "65"
    },
    {
        "playlist_id": "295",
        "song_id": "222"
    },
    {
        "playlist_id": "394",
        "song_id": "427"
    },
    {
        "playlist_id": "86",
        "song_id": "428"
    },
    {
        "playlist_id": "431",
        "song_id": "241"
    },
    {
        "playlist_id": "370",
        "song_id": "222"
    },
    {
        "playlist_id": "16",
        "song_id": "245"
    },
    {
        "playlist_id": "399",
        "song_id": "102"
    },
    {
        "playlist_id": "25",
        "song_id": "199"
    },
    {
        "playlist_id": "1",
        "song_id": "68"
    },
    {
        "playlist_id": "317",
        "song_id": "413"
    },
    {
        "playlist_id": "222",
        "song_id": "214"
    },
    {
        "playlist_id": "136",
        "song_id": "197"
    },
    {
        "playlist_id": "17",
        "song_id": "315"
    },
    {
        "playlist_id": "9",
        "song_id": "237"
    },
    {
        "playlist_id": "468",
        "song_id": "107"
    },
    {
        "playlist_id": "363",
        "song_id": "272"
    },
    {
        "playlist_id": "393",
        "song_id": "301"
    },
    {
        "playlist_id": "194",
        "song_id": "452"
    },
    {
        "playlist_id": "119",
        "song_id": "283"
    },
    {
        "playlist_id": "249",
        "song_id": "255"
    },
    {
        "playlist_id": "302",
        "song_id": "116"
    },
    {
        "playlist_id": "485",
        "song_id": "77"
    },
    {
        "playlist_id": "232",
        "song_id": "90"
    },
    {
        "playlist_id": "399",
        "song_id": "398"
    },
    {
        "playlist_id": "461",
        "song_id": "106"
    },
    {
        "playlist_id": "422",
        "song_id": "101"
    },
    {
        "playlist_id": "17",
        "song_id": "215"
    },
    {
        "playlist_id": "367",
        "song_id": "151"
    },
    {
        "playlist_id": "472",
        "song_id": "164"
    },
    {
        "playlist_id": "59",
        "song_id": "10"
    },
    {
        "playlist_id": "320",
        "song_id": "203"
    },
    {
        "playlist_id": "319",
        "song_id": "376"
    },
    {
        "playlist_id": "12",
        "song_id": "366"
    },
    {
        "playlist_id": "471",
        "song_id": "497"
    },
    {
        "playlist_id": "78",
        "song_id": "78"
    },
    {
        "playlist_id": "396",
        "song_id": "297"
    },
    {
        "playlist_id": "331",
        "song_id": "56"
    },
    {
        "playlist_id": "335",
        "song_id": "449"
    },
    {
        "playlist_id": "148",
        "song_id": "155"
    },
    {
        "playlist_id": "146",
        "song_id": "143"
    },
    {
        "playlist_id": "342",
        "song_id": "278"
    },
    {
        "playlist_id": "245",
        "song_id": "295"
    },
    {
        "playlist_id": "232",
        "song_id": "486"
    },
    {
        "playlist_id": "381",
        "song_id": "309"
    },
    {
        "playlist_id": "75",
        "song_id": "299"
    },
    {
        "playlist_id": "31",
        "song_id": "197"
    },
    {
        "playlist_id": "156",
        "song_id": "372"
    },
    {
        "playlist_id": "177",
        "song_id": "89"
    },
    {
        "playlist_id": "390",
        "song_id": "167"
    },
    {
        "playlist_id": "437",
        "song_id": "176"
    },
    {
        "playlist_id": "326",
        "song_id": "30"
    },
    {
        "playlist_id": "493",
        "song_id": "399"
    },
    {
        "playlist_id": "264",
        "song_id": "476"
    },
    {
        "playlist_id": "104",
        "song_id": "338"
    },
    {
        "playlist_id": "178",
        "song_id": "317"
    },
    {
        "playlist_id": "46",
        "song_id": "89"
    },
    {
        "playlist_id": "309",
        "song_id": "317"
    },
    {
        "playlist_id": "209",
        "song_id": "190"
    },
    {
        "playlist_id": "343",
        "song_id": "40"
    },
    {
        "playlist_id": "152",
        "song_id": "374"
    },
    {
        "playlist_id": "122",
        "song_id": "155"
    },
    {
        "playlist_id": "445",
        "song_id": "282"
    },
    {
        "playlist_id": "313",
        "song_id": "496"
    },
    {
        "playlist_id": "234",
        "song_id": "202"
    },
    {
        "playlist_id": "404",
        "song_id": "231"
    },
    {
        "playlist_id": "354",
        "song_id": "162"
    },
    {
        "playlist_id": "137",
        "song_id": "409"
    },
    {
        "playlist_id": "278",
        "song_id": "330"
    },
    {
        "playlist_id": "490",
        "song_id": "248"
    },
    {
        "playlist_id": "87",
        "song_id": "313"
    },
    {
        "playlist_id": "384",
        "song_id": "242"
    },
    {
        "playlist_id": "163",
        "song_id": "87"
    },
    {
        "playlist_id": "462",
        "song_id": "64"
    },
    {
        "playlist_id": "92",
        "song_id": "152"
    },
    {
        "playlist_id": "28",
        "song_id": "294"
    },
    {
        "playlist_id": "373",
        "song_id": "128"
    },
    {
        "playlist_id": "78",
        "song_id": "433"
    },
    {
        "playlist_id": "115",
        "song_id": "27"
    },
    {
        "playlist_id": "246",
        "song_id": "330"
    },
    {
        "playlist_id": "451",
        "song_id": "374"
    },
    {
        "playlist_id": "251",
        "song_id": "483"
    },
    {
        "playlist_id": "372",
        "song_id": "436"
    },
    {
        "playlist_id": "447",
        "song_id": "237"
    },
    {
        "playlist_id": "481",
        "song_id": "218"
    },
    {
        "playlist_id": "4",
        "song_id": "174"
    },
    {
        "playlist_id": "287",
        "song_id": "445"
    },
    {
        "playlist_id": "304",
        "song_id": "367"
    },
    {
        "playlist_id": "98",
        "song_id": "58"
    },
    {
        "playlist_id": "73",
        "song_id": "324"
    },
    {
        "playlist_id": "99",
        "song_id": "185"
    },
    {
        "playlist_id": "475",
        "song_id": "23"
    },
    {
        "playlist_id": "124",
        "song_id": "140"
    },
    {
        "playlist_id": "457",
        "song_id": "470"
    },
    {
        "playlist_id": "346",
        "song_id": "347"
    },
    {
        "playlist_id": "424",
        "song_id": "154"
    },
    {
        "playlist_id": "75",
        "song_id": "414"
    },
    {
        "playlist_id": "400",
        "song_id": "455"
    },
    {
        "playlist_id": "129",
        "song_id": "150"
    },
    {
        "playlist_id": "403",
        "song_id": "411"
    },
    {
        "playlist_id": "344",
        "song_id": "412"
    },
    {
        "playlist_id": "312",
        "song_id": "84"
    },
    {
        "playlist_id": "68",
        "song_id": "120"
    },
    {
        "playlist_id": "211",
        "song_id": "60"
    },
    {
        "playlist_id": "222",
        "song_id": "455"
    },
    {
        "playlist_id": "443",
        "song_id": "246"
    },
    {
        "playlist_id": "435",
        "song_id": "213"
    },
    {
        "playlist_id": "184",
        "song_id": "129"
    },
    {
        "playlist_id": "487",
        "song_id": "114"
    },
    {
        "playlist_id": "238",
        "song_id": "448"
    },
    {
        "playlist_id": "469",
        "song_id": "370"
    },
    {
        "playlist_id": "264",
        "song_id": "353"
    },
    {
        "playlist_id": "366",
        "song_id": "135"
    },
    {
        "playlist_id": "307",
        "song_id": "363"
    },
    {
        "playlist_id": "230",
        "song_id": "482"
    },
    {
        "playlist_id": "397",
        "song_id": "291"
    },
    {
        "playlist_id": "338",
        "song_id": "214"
    },
    {
        "playlist_id": "451",
        "song_id": "474"
    },
    {
        "playlist_id": "190",
        "song_id": "112"
    },
    {
        "playlist_id": "28",
        "song_id": "206"
    },
    {
        "playlist_id": "332",
        "song_id": "154"
    },
    {
        "playlist_id": "73",
        "song_id": "148"
    },
    {
        "playlist_id": "17",
        "song_id": "341"
    },
    {
        "playlist_id": "137",
        "song_id": "377"
    },
    {
        "playlist_id": "290",
        "song_id": "344"
    },
    {
        "playlist_id": "403",
        "song_id": "368"
    },
    {
        "playlist_id": "471",
        "song_id": "387"
    },
    {
        "playlist_id": "229",
        "song_id": "80"
    },
    {
        "playlist_id": "398",
        "song_id": "398"
    },
    {
        "playlist_id": "105",
        "song_id": "239"
    },
    {
        "playlist_id": "101",
        "song_id": "99"
    },
    {
        "playlist_id": "235",
        "song_id": "266"
    },
    {
        "playlist_id": "94",
        "song_id": "355"
    },
    {
        "playlist_id": "249",
        "song_id": "415"
    },
    {
        "playlist_id": "439",
        "song_id": "146"
    },
    {
        "playlist_id": "341",
        "song_id": "419"
    },
    {
        "playlist_id": "215",
        "song_id": "158"
    },
    {
        "playlist_id": "439",
        "song_id": "309"
    },
    {
        "playlist_id": "103",
        "song_id": "212"
    },
    {
        "playlist_id": "147",
        "song_id": "492"
    },
    {
        "playlist_id": "113",
        "song_id": "177"
    },
    {
        "playlist_id": "453",
        "song_id": "297"
    },
    {
        "playlist_id": "232",
        "song_id": "170"
    },
    {
        "playlist_id": "52",
        "song_id": "97"
    },
    {
        "playlist_id": "106",
        "song_id": "172"
    },
    {
        "playlist_id": "242",
        "song_id": "468"
    },
    {
        "playlist_id": "21",
        "song_id": "117"
    },
    {
        "playlist_id": "264",
        "song_id": "440"
    },
    {
        "playlist_id": "122",
        "song_id": "439"
    },
    {
        "playlist_id": "354",
        "song_id": "157"
    },
    {
        "playlist_id": "410",
        "song_id": "287"
    },
    {
        "playlist_id": "145",
        "song_id": "11"
    },
    {
        "playlist_id": "456",
        "song_id": "131"
    },
    {
        "playlist_id": "50",
        "song_id": "311"
    },
    {
        "playlist_id": "310",
        "song_id": "316"
    },
    {
        "playlist_id": "308",
        "song_id": "413"
    },
    {
        "playlist_id": "191",
        "song_id": "213"
    },
    {
        "playlist_id": "486",
        "song_id": "405"
    },
    {
        "playlist_id": "223",
        "song_id": "29"
    },
    {
        "playlist_id": "128",
        "song_id": "476"
    },
    {
        "playlist_id": "481",
        "song_id": "125"
    },
    {
        "playlist_id": "133",
        "song_id": "358"
    },
    {
        "playlist_id": "46",
        "song_id": "38"
    },
    {
        "playlist_id": "351",
        "song_id": "48"
    },
    {
        "playlist_id": "61",
        "song_id": "95"
    },
    {
        "playlist_id": "441",
        "song_id": "205"
    },
    {
        "playlist_id": "170",
        "song_id": "449"
    },
    {
        "playlist_id": "254",
        "song_id": "183"
    },
    {
        "playlist_id": "112",
        "song_id": "465"
    },
    {
        "playlist_id": "244",
        "song_id": "249"
    },
    {
        "playlist_id": "477",
        "song_id": "162"
    },
    {
        "playlist_id": "435",
        "song_id": "359"
    },
    {
        "playlist_id": "338",
        "song_id": "54"
    },
    {
        "playlist_id": "249",
        "song_id": "335"
    },
    {
        "playlist_id": "163",
        "song_id": "271"
    },
    {
        "playlist_id": "90",
        "song_id": "156"
    },
    {
        "playlist_id": "13",
        "song_id": "495"
    },
    {
        "playlist_id": "430",
        "song_id": "134"
    },
    {
        "playlist_id": "122",
        "song_id": "81"
    },
    {
        "playlist_id": "323",
        "song_id": "77"
    },
    {
        "playlist_id": "456",
        "song_id": "262"
    },
    {
        "playlist_id": "388",
        "song_id": "460"
    },
    {
        "playlist_id": "8",
        "song_id": "95"
    },
    {
        "playlist_id": "498",
        "song_id": "157"
    },
    {
        "playlist_id": "290",
        "song_id": "299"
    },
    {
        "playlist_id": "71",
        "song_id": "289"
    },
    {
        "playlist_id": "490",
        "song_id": "387"
    },
    {
        "playlist_id": "218",
        "song_id": "171"
    },
    {
        "playlist_id": "95",
        "song_id": "271"
    },
    {
        "playlist_id": "150",
        "song_id": "78"
    },
    {
        "playlist_id": "420",
        "song_id": "268"
    },
    {
        "playlist_id": "122",
        "song_id": "289"
    },
    {
        "playlist_id": "43",
        "song_id": "246"
    },
    {
        "playlist_id": "200",
        "song_id": "394"
    },
    {
        "playlist_id": "324",
        "song_id": "416"
    },
    {
        "playlist_id": "128",
        "song_id": "49"
    },
    {
        "playlist_id": "352",
        "song_id": "447"
    },
    {
        "playlist_id": "381",
        "song_id": "61"
    },
    {
        "playlist_id": "197",
        "song_id": "406"
    },
    {
        "playlist_id": "462",
        "song_id": "487"
    },
    {
        "playlist_id": "488",
        "song_id": "458"
    },
    {
        "playlist_id": "424",
        "song_id": "299"
    },
    {
        "playlist_id": "368",
        "song_id": "372"
    },
    {
        "playlist_id": "191",
        "song_id": "24"
    },
    {
        "playlist_id": "25",
        "song_id": "45"
    },
    {
        "playlist_id": "223",
        "song_id": "234"
    },
    {
        "playlist_id": "459",
        "song_id": "23"
    },
    {
        "playlist_id": "224",
        "song_id": "236"
    },
    {
        "playlist_id": "125",
        "song_id": "481"
    },
    {
        "playlist_id": "53",
        "song_id": "469"
    },
    {
        "playlist_id": "466",
        "song_id": "8"
    },
    {
        "playlist_id": "482",
        "song_id": "79"
    },
    {
        "playlist_id": "275",
        "song_id": "76"
    },
    {
        "playlist_id": "261",
        "song_id": "344"
    },
    {
        "playlist_id": "456",
        "song_id": "360"
    },
    {
        "playlist_id": "220",
        "song_id": "260"
    },
    {
        "playlist_id": "54",
        "song_id": "73"
    },
    {
        "playlist_id": "284",
        "song_id": "481"
    },
    {
        "playlist_id": "91",
        "song_id": "248"
    },
    {
        "playlist_id": "488",
        "song_id": "57"
    },
    {
        "playlist_id": "485",
        "song_id": "151"
    },
    {
        "playlist_id": "26",
        "song_id": "210"
    },
    {
        "playlist_id": "3",
        "song_id": "113"
    },
    {
        "playlist_id": "490",
        "song_id": "417"
    },
    {
        "playlist_id": "94",
        "song_id": "329"
    },
    {
        "playlist_id": "119",
        "song_id": "187"
    },
    {
        "playlist_id": "259",
        "song_id": "212"
    },
    {
        "playlist_id": "100",
        "song_id": "255"
    },
    {
        "playlist_id": "309",
        "song_id": "439"
    },
    {
        "playlist_id": "424",
        "song_id": "320"
    },
    {
        "playlist_id": "430",
        "song_id": "283"
    },
    {
        "playlist_id": "302",
        "song_id": "328"
    },
    {
        "playlist_id": "102",
        "song_id": "341"
    },
    {
        "playlist_id": "388",
        "song_id": "326"
    },
    {
        "playlist_id": "26",
        "song_id": "7"
    },
    {
        "playlist_id": "212",
        "song_id": "30"
    },
    {
        "playlist_id": "152",
        "song_id": "107"
    },
    {
        "playlist_id": "140",
        "song_id": "476"
    },
    {
        "playlist_id": "332",
        "song_id": "455"
    },
    {
        "playlist_id": "70",
        "song_id": "495"
    },
    {
        "playlist_id": "355",
        "song_id": "121"
    },
    {
        "playlist_id": "30",
        "song_id": "164"
    },
    {
        "playlist_id": "76",
        "song_id": "274"
    },
    {
        "playlist_id": "267",
        "song_id": "103"
    },
    {
        "playlist_id": "352",
        "song_id": "120"
    },
    {
        "playlist_id": "447",
        "song_id": "174"
    },
    {
        "playlist_id": "413",
        "song_id": "463"
    },
    {
        "playlist_id": "453",
        "song_id": "230"
    },
    {
        "playlist_id": "231",
        "song_id": "103"
    },
    {
        "playlist_id": "100",
        "song_id": "346"
    },
    {
        "playlist_id": "314",
        "song_id": "268"
    },
    {
        "playlist_id": "355",
        "song_id": "413"
    },
    {
        "playlist_id": "160",
        "song_id": "237"
    },
    {
        "playlist_id": "243",
        "song_id": "152"
    },
    {
        "playlist_id": "35",
        "song_id": "433"
    },
    {
        "playlist_id": "321",
        "song_id": "340"
    },
    {
        "playlist_id": "346",
        "song_id": "121"
    },
    {
        "playlist_id": "337",
        "song_id": "33"
    },
    {
        "playlist_id": "476",
        "song_id": "90"
    },
    {
        "playlist_id": "29",
        "song_id": "313"
    },
    {
        "playlist_id": "184",
        "song_id": "189"
    },
    {
        "playlist_id": "220",
        "song_id": "72"
    },
    {
        "playlist_id": "89",
        "song_id": "62"
    },
    {
        "playlist_id": "33",
        "song_id": "185"
    },
    {
        "playlist_id": "452",
        "song_id": "28"
    },
    {
        "playlist_id": "382",
        "song_id": "28"
    },
    {
        "playlist_id": "143",
        "song_id": "81"
    },
    {
        "playlist_id": "335",
        "song_id": "425"
    },
    {
        "playlist_id": "199",
        "song_id": "259"
    },
    {
        "playlist_id": "331",
        "song_id": "4"
    },
    {
        "playlist_id": "330",
        "song_id": "371"
    },
    {
        "playlist_id": "396",
        "song_id": "340"
    },
    {
        "playlist_id": "489",
        "song_id": "256"
    },
    {
        "playlist_id": "484",
        "song_id": "49"
    },
    {
        "playlist_id": "206",
        "song_id": "262"
    },
    {
        "playlist_id": "414",
        "song_id": "407"
    },
    {
        "playlist_id": "416",
        "song_id": "32"
    },
    {
        "playlist_id": "300",
        "song_id": "121"
    },
    {
        "playlist_id": "412",
        "song_id": "442"
    },
    {
        "playlist_id": "206",
        "song_id": "4"
    },
    {
        "playlist_id": "386",
        "song_id": "293"
    },
    {
        "playlist_id": "13",
        "song_id": "70"
    },
    {
        "playlist_id": "347",
        "song_id": "410"
    },
    {
        "playlist_id": "404",
        "song_id": "189"
    },
    {
        "playlist_id": "38",
        "song_id": "212"
    },
    {
        "playlist_id": "218",
        "song_id": "158"
    },
    {
        "playlist_id": "9",
        "song_id": "469"
    },
    {
        "playlist_id": "193",
        "song_id": "464"
    },
    {
        "playlist_id": "162",
        "song_id": "326"
    },
    {
        "playlist_id": "375",
        "song_id": "56"
    },
    {
        "playlist_id": "361",
        "song_id": "57"
    },
    {
        "playlist_id": "351",
        "song_id": "90"
    },
    {
        "playlist_id": "432",
        "song_id": "127"
    },
    {
        "playlist_id": "440",
        "song_id": "135"
    },
    {
        "playlist_id": "63",
        "song_id": "391"
    },
    {
        "playlist_id": "270",
        "song_id": "95"
    },
    {
        "playlist_id": "349",
        "song_id": "443"
    },
    {
        "playlist_id": "498",
        "song_id": "374"
    },
    {
        "playlist_id": "79",
        "song_id": "145"
    },
    {
        "playlist_id": "44",
        "song_id": "160"
    },
    {
        "playlist_id": "124",
        "song_id": "413"
    },
    {
        "playlist_id": "146",
        "song_id": "362"
    },
    {
        "playlist_id": "235",
        "song_id": "338"
    },
    {
        "playlist_id": "37",
        "song_id": "127"
    },
    {
        "playlist_id": "160",
        "song_id": "314"
    },
    {
        "playlist_id": "422",
        "song_id": "161"
    },
    {
        "playlist_id": "219",
        "song_id": "22"
    },
    {
        "playlist_id": "105",
        "song_id": "264"
    },
    {
        "playlist_id": "245",
        "song_id": "90"
    },
    {
        "playlist_id": "241",
        "song_id": "207"
    },
    {
        "playlist_id": "119",
        "song_id": "489"
    },
    {
        "playlist_id": "91",
        "song_id": "200"
    },
    {
        "playlist_id": "483",
        "song_id": "327"
    },
    {
        "playlist_id": "455",
        "song_id": "7"
    },
    {
        "playlist_id": "291",
        "song_id": "46"
    },
    {
        "playlist_id": "430",
        "song_id": "253"
    },
    {
        "playlist_id": "273",
        "song_id": "115"
    },
    {
        "playlist_id": "463",
        "song_id": "325"
    },
    {
        "playlist_id": "426",
        "song_id": "230"
    },
    {
        "playlist_id": "84",
        "song_id": "226"
    },
    {
        "playlist_id": "237",
        "song_id": "184"
    },
    {
        "playlist_id": "414",
        "song_id": "122"
    },
    {
        "playlist_id": "401",
        "song_id": "191"
    },
    {
        "playlist_id": "444",
        "song_id": "65"
    },
    {
        "playlist_id": "468",
        "song_id": "383"
    },
    {
        "playlist_id": "272",
        "song_id": "88"
    },
    {
        "playlist_id": "356",
        "song_id": "345"
    },
    {
        "playlist_id": "468",
        "song_id": "46"
    },
    {
        "playlist_id": "38",
        "song_id": "111"
    },
    {
        "playlist_id": "172",
        "song_id": "55"
    },
    {
        "playlist_id": "95",
        "song_id": "10"
    },
    {
        "playlist_id": "402",
        "song_id": "53"
    },
    {
        "playlist_id": "462",
        "song_id": "61"
    },
    {
        "playlist_id": "123",
        "song_id": "221"
    },
    {
        "playlist_id": "353",
        "song_id": "160"
    },
    {
        "playlist_id": "361",
        "song_id": "31"
    },
    {
        "playlist_id": "427",
        "song_id": "397"
    },
    {
        "playlist_id": "176",
        "song_id": "231"
    },
    {
        "playlist_id": "440",
        "song_id": "369"
    },
    {
        "playlist_id": "92",
        "song_id": "291"
    },
    {
        "playlist_id": "340",
        "song_id": "212"
    },
    {
        "playlist_id": "44",
        "song_id": "264"
    },
    {
        "playlist_id": "418",
        "song_id": "162"
    },
    {
        "playlist_id": "181",
        "song_id": "201"
    },
    {
        "playlist_id": "299",
        "song_id": "450"
    },
    {
        "playlist_id": "266",
        "song_id": "339"
    },
    {
        "playlist_id": "176",
        "song_id": "113"
    },
    {
        "playlist_id": "209",
        "song_id": "468"
    },
    {
        "playlist_id": "242",
        "song_id": "1"
    },
    {
        "playlist_id": "167",
        "song_id": "89"
    },
    {
        "playlist_id": "32",
        "song_id": "345"
    },
    {
        "playlist_id": "168",
        "song_id": "187"
    },
    {
        "playlist_id": "413",
        "song_id": "325"
    },
    {
        "playlist_id": "321",
        "song_id": "54"
    },
    {
        "playlist_id": "64",
        "song_id": "242"
    },
    {
        "playlist_id": "317",
        "song_id": "216"
    },
    {
        "playlist_id": "213",
        "song_id": "83"
    },
    {
        "playlist_id": "376",
        "song_id": "72"
    },
    {
        "playlist_id": "281",
        "song_id": "487"
    },
    {
        "playlist_id": "407",
        "song_id": "483"
    },
    {
        "playlist_id": "460",
        "song_id": "164"
    },
    {
        "playlist_id": "448",
        "song_id": "259"
    },
    {
        "playlist_id": "145",
        "song_id": "110"
    },
    {
        "playlist_id": "214",
        "song_id": "66"
    },
    {
        "playlist_id": "145",
        "song_id": "96"
    },
    {
        "playlist_id": "100",
        "song_id": "491"
    },
    {
        "playlist_id": "448",
        "song_id": "103"
    },
    {
        "playlist_id": "427",
        "song_id": "320"
    },
    {
        "playlist_id": "276",
        "song_id": "325"
    },
    {
        "playlist_id": "324",
        "song_id": "410"
    },
    {
        "playlist_id": "66",
        "song_id": "240"
    },
    {
        "playlist_id": "368",
        "song_id": "414"
    },
    {
        "playlist_id": "71",
        "song_id": "466"
    },
    {
        "playlist_id": "69",
        "song_id": "156"
    },
    {
        "playlist_id": "63",
        "song_id": "52"
    },
    {
        "playlist_id": "312",
        "song_id": "390"
    },
    {
        "playlist_id": "216",
        "song_id": "286"
    },
    {
        "playlist_id": "328",
        "song_id": "428"
    },
    {
        "playlist_id": "18",
        "song_id": "345"
    },
    {
        "playlist_id": "167",
        "song_id": "80"
    },
    {
        "playlist_id": "53",
        "song_id": "14"
    },
    {
        "playlist_id": "413",
        "song_id": "237"
    },
    {
        "playlist_id": "158",
        "song_id": "221"
    },
    {
        "playlist_id": "233",
        "song_id": "1"
    },
    {
        "playlist_id": "154",
        "song_id": "429"
    },
    {
        "playlist_id": "196",
        "song_id": "268"
    },
    {
        "playlist_id": "484",
        "song_id": "339"
    },
    {
        "playlist_id": "112",
        "song_id": "104"
    },
    {
        "playlist_id": "424",
        "song_id": "232"
    },
    {
        "playlist_id": "258",
        "song_id": "359"
    },
    {
        "playlist_id": "481",
        "song_id": "196"
    },
    {
        "playlist_id": "288",
        "song_id": "142"
    },
    {
        "playlist_id": "195",
        "song_id": "200"
    },
    {
        "playlist_id": "306",
        "song_id": "252"
    },
    {
        "playlist_id": "333",
        "song_id": "471"
    },
    {
        "playlist_id": "186",
        "song_id": "68"
    },
    {
        "playlist_id": "488",
        "song_id": "141"
    },
    {
        "playlist_id": "210",
        "song_id": "2"
    },
    {
        "playlist_id": "320",
        "song_id": "102"
    },
    {
        "playlist_id": "318",
        "song_id": "289"
    },
    {
        "playlist_id": "410",
        "song_id": "256"
    },
    {
        "playlist_id": "495",
        "song_id": "165"
    },
    {
        "playlist_id": "43",
        "song_id": "348"
    },
    {
        "playlist_id": "58",
        "song_id": "275"
    },
    {
        "playlist_id": "401",
        "song_id": "241"
    },
    {
        "playlist_id": "460",
        "song_id": "109"
    },
    {
        "playlist_id": "416",
        "song_id": "247"
    },
    {
        "playlist_id": "101",
        "song_id": "240"
    },
    {
        "playlist_id": "370",
        "song_id": "169"
    },
    {
        "playlist_id": "416",
        "song_id": "56"
    },
    {
        "playlist_id": "321",
        "song_id": "243"
    },
    {
        "playlist_id": "324",
        "song_id": "197"
    },
    {
        "playlist_id": "246",
        "song_id": "258"
    },
    {
        "playlist_id": "210",
        "song_id": "66"
    },
    {
        "playlist_id": "26",
        "song_id": "184"
    },
    {
        "playlist_id": "83",
        "song_id": "363"
    },
    {
        "playlist_id": "355",
        "song_id": "135"
    },
    {
        "playlist_id": "12",
        "song_id": "85"
    },
    {
        "playlist_id": "196",
        "song_id": "400"
    },
    {
        "playlist_id": "28",
        "song_id": "76"
    }
]