[
    {
        "id": "1",
        "name": "Animi id.",
        "num_song": "38",
        "duration": "0"
    },
    {
        "id": "10",
        "name": "Asperiores id ducimus.",
        "num_song": "68",
        "duration": "0"
    },
    {
        "id": "100",
        "name": "Assumenda harum.",
        "num_song": "25",
        "duration": "0"
    },
    {
        "id": "101",
        "name": "Est quibusdam aut.",
        "num_song": "56",
        "duration": "0"
    },
    {
        "id": "102",
        "name": "Suscipit molestiae.",
        "num_song": "74",
        "duration": "0"
    },
    {
        "id": "103",
        "name": "Eveniet est.",
        "num_song": "71",
        "duration": "0"
    },
    {
        "id": "104",
        "name": "Distinctio iusto.",
        "num_song": "27",
        "duration": "0"
    },
    {
        "id": "105",
        "name": "Aut aut eos.",
        "num_song": "3",
        "duration": "0"
    },
    {
        "id": "106",
        "name": "Voluptates commodi.",
        "num_song": "95",
        "duration": "0"
    },
    {
        "id": "107",
        "name": "Exercitationem corporis.",
        "num_song": "84",
        "duration": "0"
    },
    {
        "id": "108",
        "name": "Non et.",
        "num_song": "35",
        "duration": "0"
    },
    {
        "id": "109",
        "name": "Quis sit sit.",
        "num_song": "37",
        "duration": "0"
    },
    {
        "id": "11",
        "name": "Voluptas ullam ut.",
        "num_song": "14",
        "duration": "0"
    },
    {
        "id": "110",
        "name": "In reiciendis.",
        "num_song": "17",
        "duration": "0"
    },
    {
        "id": "111",
        "name": "Sit voluptates et.",
        "num_song": "56",
        "duration": "0"
    },
    {
        "id": "112",
        "name": "Esse voluptatem.",
        "num_song": "69",
        "duration": "0"
    },
    {
        "id": "113",
        "name": "Eum aut similique.",
        "num_song": "29",
        "duration": "0"
    },
    {
        "id": "114",
        "name": "Impedit est.",
        "num_song": "45",
        "duration": "0"
    },
    {
        "id": "115",
        "name": "Maiores minus.",
        "num_song": "48",
        "duration": "0"
    },
    {
        "id": "116",
        "name": "Placeat tenetur.",
        "num_song": "24",
        "duration": "0"
    },
    {
        "id": "117",
        "name": "Et aut debitis.",
        "num_song": "14",
        "duration": "0"
    },
    {
        "id": "118",
        "name": "Mollitia omnis.",
        "num_song": "24",
        "duration": "0"
    },
    {
        "id": "119",
        "name": "Et eveniet.",
        "num_song": "89",
        "duration": "0"
    },
    {
        "id": "12",
        "name": "Sint saepe sit.",
        "num_song": "70",
        "duration": "0"
    },
    {
        "id": "120",
        "name": "Ea beatae.",
        "num_song": "17",
        "duration": "0"
    },
    {
        "id": "121",
        "name": "Quia nam praesentium.",
        "num_song": "84",
        "duration": "0"
    },
    {
        "id": "122",
        "name": "Distinctio asperiores.",
        "num_song": "67",
        "duration": "0"
    },
    {
        "id": "123",
        "name": "Ipsum et qui.",
        "num_song": "79",
        "duration": "0"
    },
    {
        "id": "124",
        "name": "Ex quo.",
        "num_song": "99",
        "duration": "0"
    },
    {
        "id": "125",
        "name": "Et dolor quae.",
        "num_song": "64",
        "duration": "0"
    },
    {
        "id": "126",
        "name": "Asperiores sit.",
        "num_song": "71",
        "duration": "0"
    },
    {
        "id": "127",
        "name": "Dolore molestiae delectus.",
        "num_song": "36",
        "duration": "0"
    },
    {
        "id": "128",
        "name": "Dolores praesentium veniam.",
        "num_song": "4",
        "duration": "0"
    },
    {
        "id": "129",
        "name": "Similique a mollitia.",
        "num_song": "48",
        "duration": "0"
    },
    {
        "id": "13",
        "name": "Incidunt exercitationem.",
        "num_song": "78",
        "duration": "0"
    },
    {
        "id": "130",
        "name": "Sunt esse.",
        "num_song": "27",
        "duration": "0"
    },
    {
        "id": "131",
        "name": "Saepe reprehenderit nemo.",
        "num_song": "52",
        "duration": "0"
    },
    {
        "id": "132",
        "name": "Fuga libero.",
        "num_song": "72",
        "duration": "0"
    },
    {
        "id": "133",
        "name": "Accusamus eligendi aspernatur.",
        "num_song": "56",
        "duration": "0"
    },
    {
        "id": "134",
        "name": "Possimus dicta.",
        "num_song": "54",
        "duration": "0"
    },
    {
        "id": "135",
        "name": "Esse enim modi.",
        "num_song": "34",
        "duration": "0"
    },
    {
        "id": "136",
        "name": "Aut quia.",
        "num_song": "7",
        "duration": "0"
    },
    {
        "id": "137",
        "name": "Debitis ab aspernatur.",
        "num_song": "95",
        "duration": "0"
    },
    {
        "id": "138",
        "name": "Impedit tenetur sed.",
        "num_song": "34",
        "duration": "0"
    },
    {
        "id": "139",
        "name": "Optio debitis.",
        "num_song": "76",
        "duration": "0"
    },
    {
        "id": "14",
        "name": "Quis nihil ut.",
        "num_song": "100",
        "duration": "0"
    },
    {
        "id": "140",
        "name": "Pariatur corrupti.",
        "num_song": "55",
        "duration": "0"
    },
    {
        "id": "141",
        "name": "Qui dolor.",
        "num_song": "40",
        "duration": "0"
    },
    {
        "id": "142",
        "name": "Id facere.",
        "num_song": "97",
        "duration": "0"
    },
    {
        "id": "143",
        "name": "Est hic.",
        "num_song": "99",
        "duration": "0"
    },
    {
        "id": "144",
        "name": "Qui ad aperiam.",
        "num_song": "3",
        "duration": "0"
    },
    {
        "id": "145",
        "name": "Et quia.",
        "num_song": "30",
        "duration": "0"
    },
    {
        "id": "146",
        "name": "Et et adipisci.",
        "num_song": "9",
        "duration": "0"
    },
    {
        "id": "147",
        "name": "Recusandae omnis corporis.",
        "num_song": "64",
        "duration": "0"
    },
    {
        "id": "148",
        "name": "Nemo ab.",
        "num_song": "4",
        "duration": "0"
    },
    {
        "id": "149",
        "name": "Nihil aperiam eaque.",
        "num_song": "39",
        "duration": "0"
    },
    {
        "id": "15",
        "name": "Velit quo.",
        "num_song": "68",
        "duration": "0"
    },
    {
        "id": "150",
        "name": "Ut modi unde.",
        "num_song": "30",
        "duration": "0"
    },
    {
        "id": "151",
        "name": "Occaecati quo.",
        "num_song": "7",
        "duration": "0"
    },
    {
        "id": "152",
        "name": "Non et.",
        "num_song": "77",
        "duration": "0"
    },
    {
        "id": "153",
        "name": "Dolores qui.",
        "num_song": "98",
        "duration": "0"
    },
    {
        "id": "154",
        "name": "Rerum qui.",
        "num_song": "6",
        "duration": "0"
    },
    {
        "id": "155",
        "name": "Et voluptas cupiditate.",
        "num_song": "36",
        "duration": "0"
    },
    {
        "id": "156",
        "name": "Id aut.",
        "num_song": "34",
        "duration": "0"
    },
    {
        "id": "157",
        "name": "Eius ab at.",
        "num_song": "83",
        "duration": "0"
    },
    {
        "id": "158",
        "name": "Consequatur iste qui.",
        "num_song": "13",
        "duration": "0"
    },
    {
        "id": "159",
        "name": "Culpa cum.",
        "num_song": "72",
        "duration": "0"
    },
    {
        "id": "16",
        "name": "Amet et et.",
        "num_song": "96",
        "duration": "0"
    },
    {
        "id": "160",
        "name": "Hic beatae.",
        "num_song": "4",
        "duration": "0"
    },
    {
        "id": "161",
        "name": "Eaque et.",
        "num_song": "73",
        "duration": "0"
    },
    {
        "id": "162",
        "name": "Beatae saepe voluptate.",
        "num_song": "72",
        "duration": "0"
    },
    {
        "id": "163",
        "name": "Consequuntur voluptates.",
        "num_song": "30",
        "duration": "0"
    },
    {
        "id": "164",
        "name": "Et fuga ut.",
        "num_song": "13",
        "duration": "0"
    },
    {
        "id": "165",
        "name": "Porro voluptatem.",
        "num_song": "54",
        "duration": "0"
    },
    {
        "id": "166",
        "name": "Accusantium vel.",
        "num_song": "51",
        "duration": "0"
    },
    {
        "id": "167",
        "name": "Reiciendis aut et.",
        "num_song": "57",
        "duration": "0"
    },
    {
        "id": "168",
        "name": "Sint omnis.",
        "num_song": "69",
        "duration": "0"
    },
    {
        "id": "169",
        "name": "Rerum sint.",
        "num_song": "6",
        "duration": "0"
    },
    {
        "id": "17",
        "name": "Est minus repellendus.",
        "num_song": "100",
        "duration": "0"
    },
    {
        "id": "170",
        "name": "Est nesciunt veniam.",
        "num_song": "77",
        "duration": "0"
    },
    {
        "id": "171",
        "name": "Rerum amet molestiae.",
        "num_song": "9",
        "duration": "0"
    },
    {
        "id": "172",
        "name": "Fugit fugit est.",
        "num_song": "74",
        "duration": "0"
    },
    {
        "id": "173",
        "name": "Praesentium modi.",
        "num_song": "59",
        "duration": "0"
    },
    {
        "id": "174",
        "name": "Quam facilis asperiores.",
        "num_song": "30",
        "duration": "0"
    },
    {
        "id": "175",
        "name": "Sit sequi.",
        "num_song": "48",
        "duration": "0"
    },
    {
        "id": "176",
        "name": "Velit quis.",
        "num_song": "34",
        "duration": "0"
    },
    {
        "id": "177",
        "name": "Vero similique consequuntur.",
        "num_song": "39",
        "duration": "0"
    },
    {
        "id": "178",
        "name": "Iusto ex.",
        "num_song": "43",
        "duration": "0"
    },
    {
        "id": "179",
        "name": "Doloribus alias praesentium.",
        "num_song": "49",
        "duration": "0"
    },
    {
        "id": "18",
        "name": "Et ipsam.",
        "num_song": "30",
        "duration": "0"
    },
    {
        "id": "180",
        "name": "Veniam ipsa.",
        "num_song": "63",
        "duration": "0"
    },
    {
        "id": "181",
        "name": "Incidunt consequatur quaerat.",
        "num_song": "75",
        "duration": "0"
    },
    {
        "id": "182",
        "name": "Similique officiis ipsa.",
        "num_song": "20",
        "duration": "0"
    },
    {
        "id": "183",
        "name": "Error non.",
        "num_song": "56",
        "duration": "0"
    },
    {
        "id": "184",
        "name": "Suscipit animi.",
        "num_song": "53",
        "duration": "0"
    },
    {
        "id": "185",
        "name": "Culpa voluptatem.",
        "num_song": "71",
        "duration": "0"
    },
    {
        "id": "186",
        "name": "Quam quisquam.",
        "num_song": "73",
        "duration": "0"
    },
    {
        "id": "187",
        "name": "Animi quibusdam nobis.",
        "num_song": "69",
        "duration": "0"
    },
    {
        "id": "188",
        "name": "A qui.",
        "num_song": "10",
        "duration": "0"
    },
    {
        "id": "189",
        "name": "Qui voluptatem qui.",
        "num_song": "29",
        "duration": "0"
    },
    {
        "id": "19",
        "name": "Optio ducimus incidunt.",
        "num_song": "19",
        "duration": "0"
    },
    {
        "id": "190",
        "name": "Voluptatem quod.",
        "num_song": "5",
        "duration": "0"
    },
    {
        "id": "191",
        "name": "Delectus qui.",
        "num_song": "28",
        "duration": "0"
    },
    {
        "id": "192",
        "name": "Quidem ullam repellat.",
        "num_song": "52",
        "duration": "0"
    },
    {
        "id": "193",
        "name": "Voluptatem velit.",
        "num_song": "87",
        "duration": "0"
    },
    {
        "id": "194",
        "name": "Reprehenderit repellendus.",
        "num_song": "42",
        "duration": "0"
    },
    {
        "id": "195",
        "name": "Et consequuntur.",
        "num_song": "67",
        "duration": "0"
    },
    {
        "id": "196",
        "name": "Quasi placeat sapiente.",
        "num_song": "39",
        "duration": "0"
    },
    {
        "id": "197",
        "name": "Et eum est.",
        "num_song": "40",
        "duration": "0"
    },
    {
        "id": "198",
        "name": "Saepe vitae non.",
        "num_song": "77",
        "duration": "0"
    },
    {
        "id": "199",
        "name": "Deleniti corporis voluptas.",
        "num_song": "36",
        "duration": "0"
    },
    {
        "id": "2",
        "name": "Cupiditate facere odio.",
        "num_song": "0",
        "duration": "0"
    },
    {
        "id": "20",
        "name": "Necessitatibus ipsa et.",
        "num_song": "1",
        "duration": "0"
    },
    {
        "id": "200",
        "name": "Quo natus.",
        "num_song": "0",
        "duration": "0"
    },
    {
        "id": "201",
        "name": "Sequi modi.",
        "num_song": "97",
        "duration": "0"
    },
    {
        "id": "202",
        "name": "Quod inventore ut.",
        "num_song": "98",
        "duration": "0"
    },
    {
        "id": "203",
        "name": "Delectus consequuntur.",
        "num_song": "14",
        "duration": "0"
    },
    {
        "id": "204",
        "name": "Voluptatibus voluptatum.",
        "num_song": "59",
        "duration": "0"
    },
    {
        "id": "205",
        "name": "Quam eius.",
        "num_song": "19",
        "duration": "0"
    },
    {
        "id": "206",
        "name": "Saepe eum.",
        "num_song": "99",
        "duration": "0"
    },
    {
        "id": "207",
        "name": "Nostrum porro et.",
        "num_song": "73",
        "duration": "0"
    },
    {
        "id": "208",
        "name": "Magnam velit.",
        "num_song": "67",
        "duration": "0"
    },
    {
        "id": "209",
        "name": "Culpa quisquam.",
        "num_song": "31",
        "duration": "0"
    },
    {
        "id": "21",
        "name": "Amet eaque error.",
        "num_song": "54",
        "duration": "0"
    },
    {
        "id": "210",
        "name": "Aut dolor.",
        "num_song": "36",
        "duration": "0"
    },
    {
        "id": "211",
        "name": "Et nisi exercitationem.",
        "num_song": "42",
        "duration": "0"
    },
    {
        "id": "212",
        "name": "Illo tempora voluptas.",
        "num_song": "46",
        "duration": "0"
    },
    {
        "id": "213",
        "name": "Voluptatum nulla.",
        "num_song": "15",
        "duration": "0"
    },
    {
        "id": "214",
        "name": "Quia molestiae.",
        "num_song": "25",
        "duration": "0"
    },
    {
        "id": "215",
        "name": "Totam qui.",
        "num_song": "61",
        "duration": "0"
    },
    {
        "id": "216",
        "name": "Numquam sint voluptatum.",
        "num_song": "11",
        "duration": "0"
    },
    {
        "id": "217",
        "name": "Ea a saepe.",
        "num_song": "19",
        "duration": "0"
    },
    {
        "id": "218",
        "name": "Et similique.",
        "num_song": "75",
        "duration": "0"
    },
    {
        "id": "219",
        "name": "Quis nihil consequatur.",
        "num_song": "84",
        "duration": "0"
    },
    {
        "id": "22",
        "name": "Tempora et.",
        "num_song": "92",
        "duration": "0"
    },
    {
        "id": "220",
        "name": "Eius aspernatur.",
        "num_song": "26",
        "duration": "0"
    },
    {
        "id": "221",
        "name": "Iure et harum.",
        "num_song": "29",
        "duration": "0"
    },
    {
        "id": "222",
        "name": "Ut aut.",
        "num_song": "27",
        "duration": "0"
    },
    {
        "id": "223",
        "name": "Eum eaque suscipit.",
        "num_song": "78",
        "duration": "0"
    },
    {
        "id": "224",
        "name": "Sed voluptate.",
        "num_song": "21",
        "duration": "0"
    },
    {
        "id": "225",
        "name": "Aperiam dignissimos.",
        "num_song": "56",
        "duration": "0"
    },
    {
        "id": "226",
        "name": "Dolores dolor.",
        "num_song": "78",
        "duration": "0"
    },
    {
        "id": "227",
        "name": "At rerum et.",
        "num_song": "15",
        "duration": "0"
    },
    {
        "id": "228",
        "name": "Veniam expedita occaecati.",
        "num_song": "69",
        "duration": "0"
    },
    {
        "id": "229",
        "name": "Quo at.",
        "num_song": "5",
        "duration": "0"
    },
    {
        "id": "23",
        "name": "Quis incidunt recusandae.",
        "num_song": "75",
        "duration": "0"
    },
    {
        "id": "230",
        "name": "Officia itaque aut.",
        "num_song": "17",
        "duration": "0"
    },
    {
        "id": "231",
        "name": "Eos consectetur nulla.",
        "num_song": "20",
        "duration": "0"
    },
    {
        "id": "232",
        "name": "Nesciunt amet.",
        "num_song": "27",
        "duration": "0"
    },
    {
        "id": "233",
        "name": "Necessitatibus debitis qui.",
        "num_song": "86",
        "duration": "0"
    },
    {
        "id": "234",
        "name": "Autem dolores aspernatur.",
        "num_song": "47",
        "duration": "0"
    },
    {
        "id": "235",
        "name": "Voluptatem voluptate deserunt.",
        "num_song": "50",
        "duration": "0"
    },
    {
        "id": "236",
        "name": "Officiis eum asperiores.",
        "num_song": "48",
        "duration": "0"
    },
    {
        "id": "237",
        "name": "Nesciunt cum pariatur.",
        "num_song": "87",
        "duration": "0"
    },
    {
        "id": "238",
        "name": "Quam autem quibusdam.",
        "num_song": "40",
        "duration": "0"
    },
    {
        "id": "239",
        "name": "Corrupti maxime nesciunt.",
        "num_song": "77",
        "duration": "0"
    },
    {
        "id": "24",
        "name": "Dicta minus.",
        "num_song": "11",
        "duration": "0"
    },
    {
        "id": "240",
        "name": "Commodi est numquam.",
        "num_song": "66",
        "duration": "0"
    },
    {
        "id": "241",
        "name": "Beatae quisquam.",
        "num_song": "32",
        "duration": "0"
    },
    {
        "id": "242",
        "name": "Quis sed odio.",
        "num_song": "99",
        "duration": "0"
    },
    {
        "id": "243",
        "name": "Laborum repudiandae.",
        "num_song": "18",
        "duration": "0"
    },
    {
        "id": "244",
        "name": "Nihil maiores modi.",
        "num_song": "3",
        "duration": "0"
    },
    {
        "id": "245",
        "name": "Voluptatem est soluta.",
        "num_song": "99",
        "duration": "0"
    },
    {
        "id": "246",
        "name": "Blanditiis est enim.",
        "num_song": "4",
        "duration": "0"
    },
    {
        "id": "247",
        "name": "Voluptatem veniam dolores.",
        "num_song": "5",
        "duration": "0"
    },
    {
        "id": "248",
        "name": "Sint distinctio molestiae.",
        "num_song": "9",
        "duration": "0"
    },
    {
        "id": "249",
        "name": "Deserunt qui quod.",
        "num_song": "0",
        "duration": "0"
    },
    {
        "id": "25",
        "name": "Et beatae asperiores.",
        "num_song": "14",
        "duration": "0"
    },
    {
        "id": "250",
        "name": "Minus perferendis.",
        "num_song": "77",
        "duration": "0"
    },
    {
        "id": "251",
        "name": "Id blanditiis id.",
        "num_song": "23",
        "duration": "0"
    },
    {
        "id": "252",
        "name": "Velit aut nulla.",
        "num_song": "50",
        "duration": "0"
    },
    {
        "id": "253",
        "name": "Ut nulla voluptatem.",
        "num_song": "52",
        "duration": "0"
    },
    {
        "id": "254",
        "name": "Odit non iste.",
        "num_song": "3",
        "duration": "0"
    },
    {
        "id": "255",
        "name": "Laudantium dignissimos.",
        "num_song": "16",
        "duration": "0"
    },
    {
        "id": "256",
        "name": "In omnis.",
        "num_song": "83",
        "duration": "0"
    },
    {
        "id": "257",
        "name": "Voluptatum ea aliquid.",
        "num_song": "22",
        "duration": "0"
    },
    {
        "id": "258",
        "name": "Earum eaque.",
        "num_song": "90",
        "duration": "0"
    },
    {
        "id": "259",
        "name": "At nulla dolor.",
        "num_song": "99",
        "duration": "0"
    },
    {
        "id": "26",
        "name": "Qui temporibus.",
        "num_song": "97",
        "duration": "0"
    },
    {
        "id": "260",
        "name": "Voluptas laborum voluptas.",
        "num_song": "13",
        "duration": "0"
    },
    {
        "id": "261",
        "name": "Velit quos provident.",
        "num_song": "3",
        "duration": "0"
    },
    {
        "id": "262",
        "name": "Consequatur iure officiis.",
        "num_song": "76",
        "duration": "0"
    },
    {
        "id": "263",
        "name": "Harum saepe aut.",
        "num_song": "72",
        "duration": "0"
    },
    {
        "id": "264",
        "name": "Odit dolorem.",
        "num_song": "10",
        "duration": "0"
    },
    {
        "id": "265",
        "name": "Eius non.",
        "num_song": "35",
        "duration": "0"
    },
    {
        "id": "266",
        "name": "Dolor eum.",
        "num_song": "82",
        "duration": "0"
    },
    {
        "id": "267",
        "name": "Unde omnis.",
        "num_song": "64",
        "duration": "0"
    },
    {
        "id": "268",
        "name": "Odio id commodi.",
        "num_song": "97",
        "duration": "0"
    },
    {
        "id": "269",
        "name": "Molestias eveniet.",
        "num_song": "16",
        "duration": "0"
    },
    {
        "id": "27",
        "name": "Expedita exercitationem aut.",
        "num_song": "75",
        "duration": "0"
    },
    {
        "id": "270",
        "name": "Dolorum voluptatibus qui.",
        "num_song": "60",
        "duration": "0"
    },
    {
        "id": "271",
        "name": "Minima voluptatem.",
        "num_song": "21",
        "duration": "0"
    },
    {
        "id": "272",
        "name": "Cupiditate omnis.",
        "num_song": "22",
        "duration": "0"
    },
    {
        "id": "273",
        "name": "Adipisci aspernatur omnis.",
        "num_song": "20",
        "duration": "0"
    },
    {
        "id": "274",
        "name": "Adipisci aliquam.",
        "num_song": "97",
        "duration": "0"
    },
    {
        "id": "275",
        "name": "Modi impedit.",
        "num_song": "40",
        "duration": "0"
    },
    {
        "id": "276",
        "name": "Aut quae a.",
        "num_song": "68",
        "duration": "0"
    },
    {
        "id": "277",
        "name": "Sed eveniet.",
        "num_song": "80",
        "duration": "0"
    },
    {
        "id": "278",
        "name": "Dolor minima doloribus.",
        "num_song": "80",
        "duration": "0"
    },
    {
        "id": "279",
        "name": "Hic aut.",
        "num_song": "82",
        "duration": "0"
    },
    {
        "id": "28",
        "name": "Cumque sed aut.",
        "num_song": "98",
        "duration": "0"
    },
    {
        "id": "280",
        "name": "Eum qui.",
        "num_song": "20",
        "duration": "0"
    },
    {
        "id": "281",
        "name": "Voluptatum repellat sit.",
        "num_song": "81",
        "duration": "0"
    },
    {
        "id": "282",
        "name": "Sit suscipit.",
        "num_song": "54",
        "duration": "0"
    },
    {
        "id": "283",
        "name": "Eaque modi aliquid.",
        "num_song": "97",
        "duration": "0"
    },
    {
        "id": "284",
        "name": "Qui voluptatem sequi.",
        "num_song": "56",
        "duration": "0"
    },
    {
        "id": "285",
        "name": "Ut sapiente.",
        "num_song": "45",
        "duration": "0"
    },
    {
        "id": "286",
        "name": "Tempora et.",
        "num_song": "35",
        "duration": "0"
    },
    {
        "id": "287",
        "name": "Aliquam provident.",
        "num_song": "86",
        "duration": "0"
    },
    {
        "id": "288",
        "name": "Aut quia exercitationem.",
        "num_song": "25",
        "duration": "0"
    },
    {
        "id": "289",
        "name": "Ipsam laboriosam voluptas.",
        "num_song": "70",
        "duration": "0"
    },
    {
        "id": "29",
        "name": "Quisquam repellendus voluptas.",
        "num_song": "10",
        "duration": "0"
    },
    {
        "id": "290",
        "name": "Sed est fugit.",
        "num_song": "92",
        "duration": "0"
    },
    {
        "id": "291",
        "name": "Quam non.",
        "num_song": "49",
        "duration": "0"
    },
    {
        "id": "292",
        "name": "Eos omnis.",
        "num_song": "14",
        "duration": "0"
    },
    {
        "id": "293",
        "name": "Nam est consequatur.",
        "num_song": "42",
        "duration": "0"
    },
    {
        "id": "294",
        "name": "Consectetur fuga.",
        "num_song": "100",
        "duration": "0"
    },
    {
        "id": "295",
        "name": "Deserunt dolorem.",
        "num_song": "55",
        "duration": "0"
    },
    {
        "id": "296",
        "name": "Aut sed vitae.",
        "num_song": "82",
        "duration": "0"
    },
    {
        "id": "297",
        "name": "Quia tempora.",
        "num_song": "84",
        "duration": "0"
    },
    {
        "id": "298",
        "name": "Dolorum dolorum.",
        "num_song": "28",
        "duration": "0"
    },
    {
        "id": "299",
        "name": "Beatae enim praesentium.",
        "num_song": "70",
        "duration": "0"
    },
    {
        "id": "3",
        "name": "Sapiente ut qui.",
        "num_song": "94",
        "duration": "0"
    },
    {
        "id": "30",
        "name": "Impedit alias.",
        "num_song": "54",
        "duration": "0"
    },
    {
        "id": "300",
        "name": "Vel aliquid.",
        "num_song": "48",
        "duration": "0"
    },
    {
        "id": "301",
        "name": "Id adipisci eos.",
        "num_song": "15",
        "duration": "0"
    },
    {
        "id": "302",
        "name": "Non eum.",
        "num_song": "43",
        "duration": "0"
    },
    {
        "id": "303",
        "name": "Voluptas sunt.",
        "num_song": "10",
        "duration": "0"
    },
    {
        "id": "304",
        "name": "Quo dolor.",
        "num_song": "87",
        "duration": "0"
    },
    {
        "id": "305",
        "name": "Qui qui.",
        "num_song": "82",
        "duration": "0"
    },
    {
        "id": "306",
        "name": "Qui quia veniam.",
        "num_song": "75",
        "duration": "0"
    },
    {
        "id": "307",
        "name": "Quam saepe rerum.",
        "num_song": "98",
        "duration": "0"
    },
    {
        "id": "308",
        "name": "Harum occaecati voluptates.",
        "num_song": "67",
        "duration": "0"
    },
    {
        "id": "309",
        "name": "Dolore enim alias.",
        "num_song": "9",
        "duration": "0"
    },
    {
        "id": "31",
        "name": "Modi ut.",
        "num_song": "52",
        "duration": "0"
    },
    {
        "id": "310",
        "name": "Dolorum qui.",
        "num_song": "9",
        "duration": "0"
    },
    {
        "id": "311",
        "name": "Et sed.",
        "num_song": "4",
        "duration": "0"
    },
    {
        "id": "312",
        "name": "Et quia quibusdam.",
        "num_song": "76",
        "duration": "0"
    },
    {
        "id": "313",
        "name": "Ipsum vero.",
        "num_song": "12",
        "duration": "0"
    },
    {
        "id": "314",
        "name": "Accusantium labore nam.",
        "num_song": "2",
        "duration": "0"
    },
    {
        "id": "315",
        "name": "Repellat accusantium.",
        "num_song": "98",
        "duration": "0"
    },
    {
        "id": "316",
        "name": "Eum architecto sunt.",
        "num_song": "7",
        "duration": "0"
    },
    {
        "id": "317",
        "name": "Autem officiis similique.",
        "num_song": "99",
        "duration": "0"
    },
    {
        "id": "318",
        "name": "Ab et nobis.",
        "num_song": "99",
        "duration": "0"
    },
    {
        "id": "319",
        "name": "Nisi voluptate.",
        "num_song": "28",
        "duration": "0"
    },
    {
        "id": "32",
        "name": "Alias consectetur excepturi.",
        "num_song": "20",
        "duration": "0"
    },
    {
        "id": "320",
        "name": "Soluta omnis rerum.",
        "num_song": "92",
        "duration": "0"
    },
    {
        "id": "321",
        "name": "Tenetur sequi temporibus.",
        "num_song": "94",
        "duration": "0"
    },
    {
        "id": "322",
        "name": "Nesciunt accusantium.",
        "num_song": "95",
        "duration": "0"
    },
    {
        "id": "323",
        "name": "Tempora est.",
        "num_song": "86",
        "duration": "0"
    },
    {
        "id": "324",
        "name": "Sed distinctio.",
        "num_song": "49",
        "duration": "0"
    },
    {
        "id": "325",
        "name": "Ut voluptatum.",
        "num_song": "33",
        "duration": "0"
    },
    {
        "id": "326",
        "name": "Assumenda modi hic.",
        "num_song": "99",
        "duration": "0"
    },
    {
        "id": "327",
        "name": "Ut nihil.",
        "num_song": "74",
        "duration": "0"
    },
    {
        "id": "328",
        "name": "Iure amet est.",
        "num_song": "76",
        "duration": "0"
    },
    {
        "id": "329",
        "name": "Quasi reprehenderit distinctio.",
        "num_song": "93",
        "duration": "0"
    },
    {
        "id": "33",
        "name": "Animi occaecati libero.",
        "num_song": "5",
        "duration": "0"
    },
    {
        "id": "330",
        "name": "Omnis quas eius.",
        "num_song": "6",
        "duration": "0"
    },
    {
        "id": "331",
        "name": "Aut hic nihil.",
        "num_song": "3",
        "duration": "0"
    },
    {
        "id": "332",
        "name": "Quam eos.",
        "num_song": "45",
        "duration": "0"
    },
    {
        "id": "333",
        "name": "Nihil explicabo.",
        "num_song": "98",
        "duration": "0"
    },
    {
        "id": "334",
        "name": "Ex et non.",
        "num_song": "6",
        "duration": "0"
    },
    {
        "id": "335",
        "name": "Totam occaecati assumenda.",
        "num_song": "33",
        "duration": "0"
    },
    {
        "id": "336",
        "name": "Qui earum id.",
        "num_song": "45",
        "duration": "0"
    },
    {
        "id": "337",
        "name": "Cupiditate esse officiis.",
        "num_song": "36",
        "duration": "0"
    },
    {
        "id": "338",
        "name": "Quae itaque qui.",
        "num_song": "17",
        "duration": "0"
    },
    {
        "id": "339",
        "name": "Culpa maiores.",
        "num_song": "2",
        "duration": "0"
    },
    {
        "id": "34",
        "name": "Qui illum et.",
        "num_song": "15",
        "duration": "0"
    },
    {
        "id": "340",
        "name": "Quod ut.",
        "num_song": "96",
        "duration": "0"
    },
    {
        "id": "341",
        "name": "Porro odio qui.",
        "num_song": "89",
        "duration": "0"
    },
    {
        "id": "342",
        "name": "Eligendi architecto.",
        "num_song": "40",
        "duration": "0"
    },
    {
        "id": "343",
        "name": "Et est.",
        "num_song": "41",
        "duration": "0"
    },
    {
        "id": "344",
        "name": "Quisquam animi ab.",
        "num_song": "51",
        "duration": "0"
    },
    {
        "id": "345",
        "name": "Temporibus voluptas.",
        "num_song": "19",
        "duration": "0"
    },
    {
        "id": "346",
        "name": "Quas unde.",
        "num_song": "18",
        "duration": "0"
    },
    {
        "id": "347",
        "name": "Repellat distinctio beatae.",
        "num_song": "88",
        "duration": "0"
    },
    {
        "id": "348",
        "name": "Quo explicabo recusandae.",
        "num_song": "69",
        "duration": "0"
    },
    {
        "id": "349",
        "name": "Aut ut ut.",
        "num_song": "97",
        "duration": "0"
    },
    {
        "id": "35",
        "name": "Aut dolores.",
        "num_song": "87",
        "duration": "0"
    },
    {
        "id": "350",
        "name": "Quia voluptas ea.",
        "num_song": "99",
        "duration": "0"
    },
    {
        "id": "351",
        "name": "Molestiae sequi.",
        "num_song": "87",
        "duration": "0"
    },
    {
        "id": "352",
        "name": "Vel voluptatem.",
        "num_song": "49",
        "duration": "0"
    },
    {
        "id": "353",
        "name": "Repellat esse.",
        "num_song": "53",
        "duration": "0"
    },
    {
        "id": "354",
        "name": "Quaerat sapiente ut.",
        "num_song": "57",
        "duration": "0"
    },
    {
        "id": "355",
        "name": "Dolor quas.",
        "num_song": "3",
        "duration": "0"
    },
    {
        "id": "356",
        "name": "Blanditiis qui et.",
        "num_song": "95",
        "duration": "0"
    },
    {
        "id": "357",
        "name": "Voluptas et.",
        "num_song": "97",
        "duration": "0"
    },
    {
        "id": "358",
        "name": "Consequatur quasi.",
        "num_song": "12",
        "duration": "0"
    },
    {
        "id": "359",
        "name": "Consequatur et fugit.",
        "num_song": "75",
        "duration": "0"
    },
    {
        "id": "36",
        "name": "Magnam officiis quo.",
        "num_song": "10",
        "duration": "0"
    },
    {
        "id": "360",
        "name": "Vel iste.",
        "num_song": "67",
        "duration": "0"
    },
    {
        "id": "361",
        "name": "Corporis at.",
        "num_song": "16",
        "duration": "0"
    },
    {
        "id": "362",
        "name": "Laborum dolores veniam.",
        "num_song": "14",
        "duration": "0"
    },
    {
        "id": "363",
        "name": "Totam nemo.",
        "num_song": "25",
        "duration": "0"
    },
    {
        "id": "364",
        "name": "Ipsam ut.",
        "num_song": "5",
        "duration": "0"
    },
    {
        "id": "365",
        "name": "Omnis quos inventore.",
        "num_song": "28",
        "duration": "0"
    },
    {
        "id": "366",
        "name": "Ipsam nisi.",
        "num_song": "0",
        "duration": "0"
    },
    {
        "id": "367",
        "name": "Aspernatur qui nihil.",
        "num_song": "63",
        "duration": "0"
    },
    {
        "id": "368",
        "name": "Quibusdam et iste.",
        "num_song": "77",
        "duration": "0"
    },
    {
        "id": "369",
        "name": "Ut id beatae.",
        "num_song": "9",
        "duration": "0"
    },
    {
        "id": "37",
        "name": "Accusantium ut voluptatibus.",
        "num_song": "65",
        "duration": "0"
    },
    {
        "id": "370",
        "name": "Perferendis deserunt eos.",
        "num_song": "92",
        "duration": "0"
    },
    {
        "id": "371",
        "name": "Doloribus eum.",
        "num_song": "39",
        "duration": "0"
    },
    {
        "id": "372",
        "name": "Quia odio voluptatem.",
        "num_song": "72",
        "duration": "0"
    },
    {
        "id": "373",
        "name": "Fuga quod.",
        "num_song": "67",
        "duration": "0"
    },
    {
        "id": "374",
        "name": "Vero ullam quia.",
        "num_song": "28",
        "duration": "0"
    },
    {
        "id": "375",
        "name": "Quasi fugit suscipit.",
        "num_song": "22",
        "duration": "0"
    },
    {
        "id": "376",
        "name": "Sequi fugit et.",
        "num_song": "73",
        "duration": "0"
    },
    {
        "id": "377",
        "name": "Laudantium quia.",
        "num_song": "7",
        "duration": "0"
    },
    {
        "id": "378",
        "name": "Occaecati minima tempore.",
        "num_song": "31",
        "duration": "0"
    },
    {
        "id": "379",
        "name": "Qui dolore.",
        "num_song": "80",
        "duration": "0"
    },
    {
        "id": "38",
        "name": "Qui cupiditate.",
        "num_song": "35",
        "duration": "0"
    },
    {
        "id": "380",
        "name": "Earum est iure.",
        "num_song": "0",
        "duration": "0"
    },
    {
        "id": "381",
        "name": "Eveniet eum ipsam.",
        "num_song": "39",
        "duration": "0"
    },
    {
        "id": "382",
        "name": "Omnis adipisci.",
        "num_song": "59",
        "duration": "0"
    },
    {
        "id": "383",
        "name": "Sed voluptate consequatur.",
        "num_song": "16",
        "duration": "0"
    },
    {
        "id": "384",
        "name": "Omnis provident velit.",
        "num_song": "35",
        "duration": "0"
    },
    {
        "id": "385",
        "name": "Velit sunt.",
        "num_song": "84",
        "duration": "0"
    },
    {
        "id": "386",
        "name": "Aperiam eos.",
        "num_song": "72",
        "duration": "0"
    },
    {
        "id": "387",
        "name": "Ullam at.",
        "num_song": "95",
        "duration": "0"
    },
    {
        "id": "388",
        "name": "Qui qui.",
        "num_song": "56",
        "duration": "0"
    },
    {
        "id": "389",
        "name": "Sapiente magnam.",
        "num_song": "0",
        "duration": "0"
    },
    {
        "id": "39",
        "name": "Quasi molestiae.",
        "num_song": "4",
        "duration": "0"
    },
    {
        "id": "390",
        "name": "Aspernatur doloremque.",
        "num_song": "26",
        "duration": "0"
    },
    {
        "id": "391",
        "name": "Natus cumque.",
        "num_song": "41",
        "duration": "0"
    },
    {
        "id": "392",
        "name": "Sit iste.",
        "num_song": "52",
        "duration": "0"
    },
    {
        "id": "393",
        "name": "Vero mollitia officiis.",
        "num_song": "66",
        "duration": "0"
    },
    {
        "id": "394",
        "name": "Blanditiis est ab.",
        "num_song": "76",
        "duration": "0"
    },
    {
        "id": "395",
        "name": "Et nostrum perspiciatis.",
        "num_song": "89",
        "duration": "0"
    },
    {
        "id": "396",
        "name": "Architecto molestiae voluptates.",
        "num_song": "8",
        "duration": "0"
    },
    {
        "id": "397",
        "name": "Accusantium et et.",
        "num_song": "27",
        "duration": "0"
    },
    {
        "id": "398",
        "name": "Asperiores saepe.",
        "num_song": "45",
        "duration": "0"
    },
    {
        "id": "399",
        "name": "Incidunt qui.",
        "num_song": "25",
        "duration": "0"
    },
    {
        "id": "4",
        "name": "Dignissimos cumque.",
        "num_song": "25",
        "duration": "0"
    },
    {
        "id": "40",
        "name": "Rerum dolor.",
        "num_song": "37",
        "duration": "0"
    },
    {
        "id": "400",
        "name": "Aspernatur culpa qui.",
        "num_song": "93",
        "duration": "0"
    },
    {
        "id": "401",
        "name": "Nisi iure qui.",
        "num_song": "54",
        "duration": "0"
    },
    {
        "id": "402",
        "name": "Voluptatem natus laudantium.",
        "num_song": "15",
        "duration": "0"
    },
    {
        "id": "403",
        "name": "In dolor recusandae.",
        "num_song": "55",
        "duration": "0"
    },
    {
        "id": "404",
        "name": "Qui labore.",
        "num_song": "72",
        "duration": "0"
    },
    {
        "id": "405",
        "name": "Illo aliquid sit.",
        "num_song": "54",
        "duration": "0"
    },
    {
        "id": "406",
        "name": "Vero quis.",
        "num_song": "56",
        "duration": "0"
    },
    {
        "id": "407",
        "name": "Hic harum.",
        "num_song": "70",
        "duration": "0"
    },
    {
        "id": "408",
        "name": "Maiores dicta dolorum.",
        "num_song": "52",
        "duration": "0"
    },
    {
        "id": "409",
        "name": "Quam facilis odio.",
        "num_song": "86",
        "duration": "0"
    },
    {
        "id": "41",
        "name": "Tenetur consequatur id.",
        "num_song": "53",
        "duration": "0"
    },
    {
        "id": "410",
        "name": "Ea est.",
        "num_song": "4",
        "duration": "0"
    },
    {
        "id": "411",
        "name": "Aut quibusdam.",
        "num_song": "35",
        "duration": "0"
    },
    {
        "id": "412",
        "name": "Enim ducimus deserunt.",
        "num_song": "97",
        "duration": "0"
    },
    {
        "id": "413",
        "name": "Illum nam ea.",
        "num_song": "90",
        "duration": "0"
    },
    {
        "id": "414",
        "name": "Dolorum facilis et.",
        "num_song": "79",
        "duration": "0"
    },
    {
        "id": "415",
        "name": "Quis deleniti.",
        "num_song": "1",
        "duration": "0"
    },
    {
        "id": "416",
        "name": "Adipisci dolor.",
        "num_song": "21",
        "duration": "0"
    },
    {
        "id": "417",
        "name": "Quia optio.",
        "num_song": "63",
        "duration": "0"
    },
    {
        "id": "418",
        "name": "Natus perferendis.",
        "num_song": "67",
        "duration": "0"
    },
    {
        "id": "419",
        "name": "Dolorem amet.",
        "num_song": "42",
        "duration": "0"
    },
    {
        "id": "42",
        "name": "Illum rerum.",
        "num_song": "75",
        "duration": "0"
    },
    {
        "id": "420",
        "name": "In atque.",
        "num_song": "42",
        "duration": "0"
    },
    {
        "id": "421",
        "name": "Aut labore.",
        "num_song": "38",
        "duration": "0"
    },
    {
        "id": "422",
        "name": "Earum quo.",
        "num_song": "51",
        "duration": "0"
    },
    {
        "id": "423",
        "name": "Velit facilis voluptatem.",
        "num_song": "38",
        "duration": "0"
    },
    {
        "id": "424",
        "name": "Omnis mollitia a.",
        "num_song": "60",
        "duration": "0"
    },
    {
        "id": "425",
        "name": "Nemo ea a.",
        "num_song": "15",
        "duration": "0"
    },
    {
        "id": "426",
        "name": "Saepe libero.",
        "num_song": "70",
        "duration": "0"
    },
    {
        "id": "427",
        "name": "Maxime itaque.",
        "num_song": "76",
        "duration": "0"
    },
    {
        "id": "428",
        "name": "Laborum et.",
        "num_song": "27",
        "duration": "0"
    },
    {
        "id": "429",
        "name": "Amet voluptatem.",
        "num_song": "27",
        "duration": "0"
    },
    {
        "id": "43",
        "name": "Explicabo voluptates at.",
        "num_song": "70",
        "duration": "0"
    },
    {
        "id": "430",
        "name": "Non blanditiis perferendis.",
        "num_song": "3",
        "duration": "0"
    },
    {
        "id": "431",
        "name": "Vel est.",
        "num_song": "96",
        "duration": "0"
    },
    {
        "id": "432",
        "name": "Non laborum.",
        "num_song": "30",
        "duration": "0"
    },
    {
        "id": "433",
        "name": "Minus omnis sequi.",
        "num_song": "97",
        "duration": "0"
    },
    {
        "id": "434",
        "name": "Itaque et et.",
        "num_song": "57",
        "duration": "0"
    },
    {
        "id": "435",
        "name": "Eum quisquam reiciendis.",
        "num_song": "2",
        "duration": "0"
    },
    {
        "id": "436",
        "name": "Ducimus rerum veniam.",
        "num_song": "74",
        "duration": "0"
    },
    {
        "id": "437",
        "name": "Et minima.",
        "num_song": "71",
        "duration": "0"
    },
    {
        "id": "438",
        "name": "Sit ducimus.",
        "num_song": "62",
        "duration": "0"
    },
    {
        "id": "439",
        "name": "Unde debitis.",
        "num_song": "74",
        "duration": "0"
    },
    {
        "id": "44",
        "name": "Libero et.",
        "num_song": "68",
        "duration": "0"
    },
    {
        "id": "440",
        "name": "Consectetur excepturi dolores.",
        "num_song": "16",
        "duration": "0"
    },
    {
        "id": "441",
        "name": "Illum exercitationem in.",
        "num_song": "59",
        "duration": "0"
    },
    {
        "id": "442",
        "name": "Dolorum incidunt.",
        "num_song": "31",
        "duration": "0"
    },
    {
        "id": "443",
        "name": "Tempora dolorem.",
        "num_song": "26",
        "duration": "0"
    },
    {
        "id": "444",
        "name": "Voluptatem numquam et.",
        "num_song": "60",
        "duration": "0"
    },
    {
        "id": "445",
        "name": "Veniam ipsam cumque.",
        "num_song": "74",
        "duration": "0"
    },
    {
        "id": "446",
        "name": "Veritatis velit.",
        "num_song": "27",
        "duration": "0"
    },
    {
        "id": "447",
        "name": "Modi dolor aliquid.",
        "num_song": "75",
        "duration": "0"
    },
    {
        "id": "448",
        "name": "Ea quidem.",
        "num_song": "45",
        "duration": "0"
    },
    {
        "id": "449",
        "name": "Rerum consequuntur.",
        "num_song": "2",
        "duration": "0"
    },
    {
        "id": "45",
        "name": "Nihil a eligendi.",
        "num_song": "93",
        "duration": "0"
    },
    {
        "id": "450",
        "name": "Voluptatibus error dolorem.",
        "num_song": "79",
        "duration": "0"
    },
    {
        "id": "451",
        "name": "Omnis et.",
        "num_song": "55",
        "duration": "0"
    },
    {
        "id": "452",
        "name": "Ut aperiam.",
        "num_song": "18",
        "duration": "0"
    },
    {
        "id": "453",
        "name": "In iste suscipit.",
        "num_song": "0",
        "duration": "0"
    },
    {
        "id": "454",
        "name": "Consequuntur et ut.",
        "num_song": "20",
        "duration": "0"
    },
    {
        "id": "455",
        "name": "Consequatur quia.",
        "num_song": "69",
        "duration": "0"
    },
    {
        "id": "456",
        "name": "Aut sed.",
        "num_song": "66",
        "duration": "0"
    },
    {
        "id": "457",
        "name": "Qui neque dolores.",
        "num_song": "71",
        "duration": "0"
    },
    {
        "id": "458",
        "name": "Expedita vel enim.",
        "num_song": "11",
        "duration": "0"
    },
    {
        "id": "459",
        "name": "Reprehenderit dicta qui.",
        "num_song": "12",
        "duration": "0"
    },
    {
        "id": "46",
        "name": "Magni saepe.",
        "num_song": "22",
        "duration": "0"
    },
    {
        "id": "460",
        "name": "Quia velit dolores.",
        "num_song": "60",
        "duration": "0"
    },
    {
        "id": "461",
        "name": "Rerum deserunt.",
        "num_song": "73",
        "duration": "0"
    },
    {
        "id": "462",
        "name": "Necessitatibus et quisquam.",
        "num_song": "46",
        "duration": "0"
    },
    {
        "id": "463",
        "name": "Vitae voluptatibus quasi.",
        "num_song": "6",
        "duration": "0"
    },
    {
        "id": "464",
        "name": "Omnis voluptatem.",
        "num_song": "86",
        "duration": "0"
    },
    {
        "id": "465",
        "name": "Quia commodi.",
        "num_song": "66",
        "duration": "0"
    },
    {
        "id": "466",
        "name": "Ipsa eligendi laboriosam.",
        "num_song": "75",
        "duration": "0"
    },
    {
        "id": "467",
        "name": "Provident similique atque.",
        "num_song": "66",
        "duration": "0"
    },
    {
        "id": "468",
        "name": "Porro id esse.",
        "num_song": "48",
        "duration": "0"
    },
    {
        "id": "469",
        "name": "Et dolores itaque.",
        "num_song": "83",
        "duration": "0"
    },
    {
        "id": "47",
        "name": "Expedita natus.",
        "num_song": "40",
        "duration": "0"
    },
    {
        "id": "470",
        "name": "Nulla rerum.",
        "num_song": "73",
        "duration": "0"
    },
    {
        "id": "471",
        "name": "Minima ratione.",
        "num_song": "53",
        "duration": "0"
    },
    {
        "id": "472",
        "name": "Deleniti eos.",
        "num_song": "76",
        "duration": "0"
    },
    {
        "id": "473",
        "name": "Sed quasi.",
        "num_song": "78",
        "duration": "0"
    },
    {
        "id": "474",
        "name": "Aliquid enim quia.",
        "num_song": "8",
        "duration": "0"
    },
    {
        "id": "475",
        "name": "Facilis et omnis.",
        "num_song": "85",
        "duration": "0"
    },
    {
        "id": "476",
        "name": "Quae provident modi.",
        "num_song": "97",
        "duration": "0"
    },
    {
        "id": "477",
        "name": "Qui aut voluptas.",
        "num_song": "58",
        "duration": "0"
    },
    {
        "id": "478",
        "name": "Nam voluptas.",
        "num_song": "67",
        "duration": "0"
    },
    {
        "id": "479",
        "name": "Voluptate doloribus nemo.",
        "num_song": "59",
        "duration": "0"
    },
    {
        "id": "48",
        "name": "Rerum vel maxime.",
        "num_song": "72",
        "duration": "0"
    },
    {
        "id": "480",
        "name": "Earum dignissimos voluptas.",
        "num_song": "99",
        "duration": "0"
    },
    {
        "id": "481",
        "name": "Est facere.",
        "num_song": "33",
        "duration": "0"
    },
    {
        "id": "482",
        "name": "Nisi ut occaecati.",
        "num_song": "84",
        "duration": "0"
    },
    {
        "id": "483",
        "name": "Corrupti ea et.",
        "num_song": "49",
        "duration": "0"
    },
    {
        "id": "484",
        "name": "Nemo doloremque adipisci.",
        "num_song": "42",
        "duration": "0"
    },
    {
        "id": "485",
        "name": "Nostrum voluptatibus.",
        "num_song": "35",
        "duration": "0"
    },
    {
        "id": "486",
        "name": "Consequatur hic magni.",
        "num_song": "46",
        "duration": "0"
    },
    {
        "id": "487",
        "name": "Facilis voluptatem in.",
        "num_song": "87",
        "duration": "0"
    },
    {
        "id": "488",
        "name": "Accusantium veritatis harum.",
        "num_song": "69",
        "duration": "0"
    },
    {
        "id": "489",
        "name": "Incidunt excepturi sed.",
        "num_song": "32",
        "duration": "0"
    },
    {
        "id": "49",
        "name": "Quam dolorum amet.",
        "num_song": "14",
        "duration": "0"
    },
    {
        "id": "490",
        "name": "Fugit placeat.",
        "num_song": "1",
        "duration": "0"
    },
    {
        "id": "491",
        "name": "Amet culpa.",
        "num_song": "99",
        "duration": "0"
    },
    {
        "id": "492",
        "name": "Voluptatem autem.",
        "num_song": "34",
        "duration": "0"
    },
    {
        "id": "493",
        "name": "Possimus quam aut.",
        "num_song": "74",
        "duration": "0"
    },
    {
        "id": "494",
        "name": "Ut quia.",
        "num_song": "81",
        "duration": "0"
    },
    {
        "id": "495",
        "name": "In esse.",
        "num_song": "3",
        "duration": "0"
    },
    {
        "id": "496",
        "name": "Aperiam aliquid.",
        "num_song": "5",
        "duration": "0"
    },
    {
        "id": "497",
        "name": "Alias aut saepe.",
        "num_song": "86",
        "duration": "0"
    },
    {
        "id": "498",
        "name": "Totam velit delectus.",
        "num_song": "21",
        "duration": "0"
    },
    {
        "id": "499",
        "name": "Quo qui.",
        "num_song": "83",
        "duration": "0"
    },
    {
        "id": "5",
        "name": "Voluptatum rerum qui.",
        "num_song": "66",
        "duration": "0"
    },
    {
        "id": "50",
        "name": "Amet placeat.",
        "num_song": "93",
        "duration": "0"
    },
    {
        "id": "500",
        "name": "Quos et.",
        "num_song": "60",
        "duration": "0"
    },
    {
        "id": "51",
        "name": "Officia alias.",
        "num_song": "15",
        "duration": "0"
    },
    {
        "id": "52",
        "name": "Aliquam expedita.",
        "num_song": "50",
        "duration": "0"
    },
    {
        "id": "53",
        "name": "Fugiat omnis.",
        "num_song": "94",
        "duration": "0"
    },
    {
        "id": "54",
        "name": "Minima veritatis.",
        "num_song": "91",
        "duration": "0"
    },
    {
        "id": "55",
        "name": "Asperiores voluptatibus cumque.",
        "num_song": "45",
        "duration": "0"
    },
    {
        "id": "56",
        "name": "Repellat aut at.",
        "num_song": "91",
        "duration": "0"
    },
    {
        "id": "57",
        "name": "Repellendus eum incidunt.",
        "num_song": "52",
        "duration": "0"
    },
    {
        "id": "58",
        "name": "Maiores hic expedita.",
        "num_song": "75",
        "duration": "0"
    },
    {
        "id": "59",
        "name": "Quam consequuntur esse.",
        "num_song": "24",
        "duration": "0"
    },
    {
        "id": "6",
        "name": "Consequatur laborum.",
        "num_song": "83",
        "duration": "0"
    },
    {
        "id": "60",
        "name": "Eos facere.",
        "num_song": "89",
        "duration": "0"
    },
    {
        "id": "61",
        "name": "Dicta accusantium inventore.",
        "num_song": "42",
        "duration": "0"
    },
    {
        "id": "62",
        "name": "Quia velit eos.",
        "num_song": "81",
        "duration": "0"
    },
    {
        "id": "63",
        "name": "Numquam rem.",
        "num_song": "50",
        "duration": "0"
    },
    {
        "id": "64",
        "name": "Harum voluptas.",
        "num_song": "84",
        "duration": "0"
    },
    {
        "id": "65",
        "name": "Magni fugiat.",
        "num_song": "82",
        "duration": "0"
    },
    {
        "id": "66",
        "name": "Aut quo.",
        "num_song": "96",
        "duration": "0"
    },
    {
        "id": "67",
        "name": "Labore quibusdam distinctio.",
        "num_song": "93",
        "duration": "0"
    },
    {
        "id": "68",
        "name": "Fuga sunt recusandae.",
        "num_song": "19",
        "duration": "0"
    },
    {
        "id": "69",
        "name": "Et blanditiis quo.",
        "num_song": "47",
        "duration": "0"
    },
    {
        "id": "7",
        "name": "Amet dolor.",
        "num_song": "32",
        "duration": "0"
    },
    {
        "id": "70",
        "name": "Sed velit error.",
        "num_song": "50",
        "duration": "0"
    },
    {
        "id": "71",
        "name": "Labore repudiandae quis.",
        "num_song": "72",
        "duration": "0"
    },
    {
        "id": "72",
        "name": "Corporis iste neque.",
        "num_song": "2",
        "duration": "0"
    },
    {
        "id": "73",
        "name": "Quidem labore iure.",
        "num_song": "1",
        "duration": "0"
    },
    {
        "id": "74",
        "name": "Aperiam voluptatibus nobis.",
        "num_song": "51",
        "duration": "0"
    },
    {
        "id": "75",
        "name": "Quibusdam assumenda eligendi.",
        "num_song": "48",
        "duration": "0"
    },
    {
        "id": "76",
        "name": "Tempora labore.",
        "num_song": "82",
        "duration": "0"
    },
    {
        "id": "77",
        "name": "Dolor libero.",
        "num_song": "54",
        "duration": "0"
    },
    {
        "id": "78",
        "name": "Exercitationem sed velit.",
        "num_song": "54",
        "duration": "0"
    },
    {
        "id": "79",
        "name": "Fuga omnis.",
        "num_song": "89",
        "duration": "0"
    },
    {
        "id": "8",
        "name": "Omnis odio.",
        "num_song": "57",
        "duration": "0"
    },
    {
        "id": "80",
        "name": "Aliquid aut.",
        "num_song": "34",
        "duration": "0"
    },
    {
        "id": "81",
        "name": "Corporis ut.",
        "num_song": "63",
        "duration": "0"
    },
    {
        "id": "82",
        "name": "Aut enim.",
        "num_song": "50",
        "duration": "0"
    },
    {
        "id": "83",
        "name": "Repellat delectus labore.",
        "num_song": "61",
        "duration": "0"
    },
    {
        "id": "84",
        "name": "Delectus ratione.",
        "num_song": "100",
        "duration": "0"
    },
    {
        "id": "85",
        "name": "Earum dolores at.",
        "num_song": "16",
        "duration": "0"
    },
    {
        "id": "86",
        "name": "Itaque animi corrupti.",
        "num_song": "72",
        "duration": "0"
    },
    {
        "id": "87",
        "name": "Necessitatibus quo.",
        "num_song": "58",
        "duration": "0"
    },
    {
        "id": "88",
        "name": "Perspiciatis ipsa adipisci.",
        "num_song": "51",
        "duration": "0"
    },
    {
        "id": "89",
        "name": "Laborum enim.",
        "num_song": "20",
        "duration": "0"
    },
    {
        "id": "9",
        "name": "Quod temporibus sunt.",
        "num_song": "84",
        "duration": "0"
    },
    {
        "id": "90",
        "name": "Accusamus magnam consequatur.",
        "num_song": "62",
        "duration": "0"
    },
    {
        "id": "91",
        "name": "Officiis vel.",
        "num_song": "21",
        "duration": "0"
    },
    {
        "id": "92",
        "name": "Odit rerum aspernatur.",
        "num_song": "61",
        "duration": "0"
    },
    {
        "id": "93",
        "name": "Non voluptatum.",
        "num_song": "76",
        "duration": "0"
    },
    {
        "id": "94",
        "name": "Vitae expedita.",
        "num_song": "29",
        "duration": "0"
    },
    {
        "id": "95",
        "name": "Assumenda distinctio.",
        "num_song": "82",
        "duration": "0"
    },
    {
        "id": "96",
        "name": "Voluptatibus ipsum sint.",
        "num_song": "67",
        "duration": "0"
    },
    {
        "id": "97",
        "name": "Rerum pariatur.",
        "num_song": "27",
        "duration": "0"
    },
    {
        "id": "98",
        "name": "Adipisci mollitia.",
        "num_song": "62",
        "duration": "0"
    },
    {
        "id": "99",
        "name": "Porro molestias praesentium.",
        "num_song": "32",
        "duration": "0"
    }
]