[
    {
        "song_id": "7",
        "album_id": "66"
    },
    {
        "song_id": "74",
        "album_id": "242"
    },
    {
        "song_id": "401",
        "album_id": "412"
    },
    {
        "song_id": "178",
        "album_id": "368"
    },
    {
        "song_id": "494",
        "album_id": "262"
    },
    {
        "song_id": "137",
        "album_id": "136"
    },
    {
        "song_id": "131",
        "album_id": "319"
    },
    {
        "song_id": "459",
        "album_id": "131"
    },
    {
        "song_id": "475",
        "album_id": "443"
    },
    {
        "song_id": "325",
        "album_id": "187"
    },
    {
        "song_id": "22",
        "album_id": "298"
    },
    {
        "song_id": "498",
        "album_id": "59"
    },
    {
        "song_id": "142",
        "album_id": "183"
    },
    {
        "song_id": "467",
        "album_id": "268"
    },
    {
        "song_id": "329",
        "album_id": "421"
    },
    {
        "song_id": "212",
        "album_id": "287"
    },
    {
        "song_id": "126",
        "album_id": "175"
    },
    {
        "song_id": "386",
        "album_id": "41"
    },
    {
        "song_id": "194",
        "album_id": "245"
    },
    {
        "song_id": "200",
        "album_id": "97"
    },
    {
        "song_id": "83",
        "album_id": "367"
    },
    {
        "song_id": "91",
        "album_id": "405"
    },
    {
        "song_id": "416",
        "album_id": "105"
    },
    {
        "song_id": "99",
        "album_id": "270"
    },
    {
        "song_id": "479",
        "album_id": "282"
    },
    {
        "song_id": "305",
        "album_id": "339"
    },
    {
        "song_id": "475",
        "album_id": "182"
    },
    {
        "song_id": "362",
        "album_id": "260"
    },
    {
        "song_id": "126",
        "album_id": "20"
    },
    {
        "song_id": "290",
        "album_id": "408"
    },
    {
        "song_id": "288",
        "album_id": "178"
    },
    {
        "song_id": "271",
        "album_id": "475"
    },
    {
        "song_id": "424",
        "album_id": "252"
    },
    {
        "song_id": "379",
        "album_id": "176"
    },
    {
        "song_id": "105",
        "album_id": "225"
    },
    {
        "song_id": "34",
        "album_id": "80"
    },
    {
        "song_id": "426",
        "album_id": "118"
    },
    {
        "song_id": "289",
        "album_id": "441"
    },
    {
        "song_id": "331",
        "album_id": "218"
    },
    {
        "song_id": "40",
        "album_id": "97"
    },
    {
        "song_id": "471",
        "album_id": "243"
    },
    {
        "song_id": "448",
        "album_id": "209"
    },
    {
        "song_id": "23",
        "album_id": "74"
    },
    {
        "song_id": "401",
        "album_id": "193"
    },
    {
        "song_id": "267",
        "album_id": "127"
    },
    {
        "song_id": "325",
        "album_id": "294"
    },
    {
        "song_id": "231",
        "album_id": "284"
    },
    {
        "song_id": "12",
        "album_id": "68"
    },
    {
        "song_id": "45",
        "album_id": "166"
    },
    {
        "song_id": "148",
        "album_id": "159"
    },
    {
        "song_id": "405",
        "album_id": "410"
    },
    {
        "song_id": "9",
        "album_id": "184"
    },
    {
        "song_id": "293",
        "album_id": "12"
    },
    {
        "song_id": "365",
        "album_id": "289"
    },
    {
        "song_id": "464",
        "album_id": "345"
    },
    {
        "song_id": "108",
        "album_id": "334"
    },
    {
        "song_id": "302",
        "album_id": "489"
    },
    {
        "song_id": "483",
        "album_id": "173"
    },
    {
        "song_id": "328",
        "album_id": "352"
    },
    {
        "song_id": "292",
        "album_id": "113"
    },
    {
        "song_id": "375",
        "album_id": "138"
    },
    {
        "song_id": "416",
        "album_id": "370"
    },
    {
        "song_id": "86",
        "album_id": "265"
    },
    {
        "song_id": "184",
        "album_id": "198"
    },
    {
        "song_id": "184",
        "album_id": "251"
    },
    {
        "song_id": "183",
        "album_id": "217"
    },
    {
        "song_id": "189",
        "album_id": "39"
    },
    {
        "song_id": "157",
        "album_id": "264"
    },
    {
        "song_id": "129",
        "album_id": "451"
    },
    {
        "song_id": "24",
        "album_id": "420"
    },
    {
        "song_id": "449",
        "album_id": "15"
    },
    {
        "song_id": "451",
        "album_id": "37"
    },
    {
        "song_id": "446",
        "album_id": "143"
    },
    {
        "song_id": "56",
        "album_id": "272"
    },
    {
        "song_id": "286",
        "album_id": "345"
    },
    {
        "song_id": "4",
        "album_id": "231"
    },
    {
        "song_id": "204",
        "album_id": "424"
    },
    {
        "song_id": "87",
        "album_id": "144"
    },
    {
        "song_id": "101",
        "album_id": "237"
    },
    {
        "song_id": "268",
        "album_id": "472"
    },
    {
        "song_id": "233",
        "album_id": "284"
    },
    {
        "song_id": "209",
        "album_id": "355"
    },
    {
        "song_id": "363",
        "album_id": "385"
    },
    {
        "song_id": "12",
        "album_id": "26"
    },
    {
        "song_id": "459",
        "album_id": "252"
    },
    {
        "song_id": "358",
        "album_id": "39"
    },
    {
        "song_id": "246",
        "album_id": "450"
    },
    {
        "song_id": "355",
        "album_id": "430"
    },
    {
        "song_id": "262",
        "album_id": "469"
    },
    {
        "song_id": "341",
        "album_id": "343"
    },
    {
        "song_id": "166",
        "album_id": "459"
    },
    {
        "song_id": "7",
        "album_id": "369"
    },
    {
        "song_id": "224",
        "album_id": "341"
    },
    {
        "song_id": "451",
        "album_id": "312"
    },
    {
        "song_id": "320",
        "album_id": "170"
    },
    {
        "song_id": "363",
        "album_id": "492"
    },
    {
        "song_id": "337",
        "album_id": "499"
    },
    {
        "song_id": "432",
        "album_id": "295"
    },
    {
        "song_id": "312",
        "album_id": "220"
    },
    {
        "song_id": "129",
        "album_id": "384"
    },
    {
        "song_id": "454",
        "album_id": "484"
    },
    {
        "song_id": "137",
        "album_id": "208"
    },
    {
        "song_id": "302",
        "album_id": "124"
    },
    {
        "song_id": "252",
        "album_id": "106"
    },
    {
        "song_id": "102",
        "album_id": "81"
    },
    {
        "song_id": "49",
        "album_id": "283"
    },
    {
        "song_id": "263",
        "album_id": "275"
    },
    {
        "song_id": "474",
        "album_id": "283"
    },
    {
        "song_id": "102",
        "album_id": "448"
    },
    {
        "song_id": "138",
        "album_id": "466"
    },
    {
        "song_id": "283",
        "album_id": "428"
    },
    {
        "song_id": "211",
        "album_id": "2"
    },
    {
        "song_id": "203",
        "album_id": "351"
    },
    {
        "song_id": "65",
        "album_id": "76"
    },
    {
        "song_id": "496",
        "album_id": "396"
    },
    {
        "song_id": "349",
        "album_id": "477"
    },
    {
        "song_id": "383",
        "album_id": "270"
    },
    {
        "song_id": "100",
        "album_id": "359"
    },
    {
        "song_id": "163",
        "album_id": "290"
    },
    {
        "song_id": "456",
        "album_id": "454"
    },
    {
        "song_id": "273",
        "album_id": "117"
    },
    {
        "song_id": "180",
        "album_id": "277"
    },
    {
        "song_id": "91",
        "album_id": "499"
    },
    {
        "song_id": "413",
        "album_id": "107"
    },
    {
        "song_id": "217",
        "album_id": "394"
    },
    {
        "song_id": "316",
        "album_id": "118"
    },
    {
        "song_id": "373",
        "album_id": "451"
    },
    {
        "song_id": "382",
        "album_id": "181"
    },
    {
        "song_id": "454",
        "album_id": "302"
    },
    {
        "song_id": "483",
        "album_id": "224"
    },
    {
        "song_id": "486",
        "album_id": "220"
    },
    {
        "song_id": "94",
        "album_id": "471"
    },
    {
        "song_id": "392",
        "album_id": "94"
    },
    {
        "song_id": "70",
        "album_id": "420"
    },
    {
        "song_id": "423",
        "album_id": "97"
    },
    {
        "song_id": "446",
        "album_id": "459"
    },
    {
        "song_id": "473",
        "album_id": "252"
    },
    {
        "song_id": "418",
        "album_id": "293"
    },
    {
        "song_id": "373",
        "album_id": "436"
    },
    {
        "song_id": "355",
        "album_id": "219"
    },
    {
        "song_id": "107",
        "album_id": "68"
    },
    {
        "song_id": "268",
        "album_id": "285"
    },
    {
        "song_id": "233",
        "album_id": "322"
    },
    {
        "song_id": "200",
        "album_id": "301"
    },
    {
        "song_id": "440",
        "album_id": "219"
    },
    {
        "song_id": "132",
        "album_id": "347"
    },
    {
        "song_id": "152",
        "album_id": "74"
    },
    {
        "song_id": "249",
        "album_id": "439"
    },
    {
        "song_id": "99",
        "album_id": "396"
    },
    {
        "song_id": "205",
        "album_id": "83"
    },
    {
        "song_id": "379",
        "album_id": "318"
    },
    {
        "song_id": "21",
        "album_id": "136"
    },
    {
        "song_id": "424",
        "album_id": "382"
    },
    {
        "song_id": "340",
        "album_id": "297"
    },
    {
        "song_id": "40",
        "album_id": "124"
    },
    {
        "song_id": "361",
        "album_id": "182"
    },
    {
        "song_id": "357",
        "album_id": "371"
    },
    {
        "song_id": "66",
        "album_id": "147"
    },
    {
        "song_id": "101",
        "album_id": "307"
    },
    {
        "song_id": "283",
        "album_id": "426"
    },
    {
        "song_id": "267",
        "album_id": "380"
    },
    {
        "song_id": "232",
        "album_id": "343"
    },
    {
        "song_id": "23",
        "album_id": "202"
    },
    {
        "song_id": "336",
        "album_id": "393"
    },
    {
        "song_id": "113",
        "album_id": "162"
    },
    {
        "song_id": "379",
        "album_id": "90"
    },
    {
        "song_id": "442",
        "album_id": "180"
    },
    {
        "song_id": "339",
        "album_id": "311"
    },
    {
        "song_id": "465",
        "album_id": "392"
    },
    {
        "song_id": "188",
        "album_id": "330"
    },
    {
        "song_id": "107",
        "album_id": "279"
    },
    {
        "song_id": "207",
        "album_id": "120"
    },
    {
        "song_id": "64",
        "album_id": "428"
    },
    {
        "song_id": "331",
        "album_id": "42"
    },
    {
        "song_id": "277",
        "album_id": "399"
    },
    {
        "song_id": "399",
        "album_id": "162"
    },
    {
        "song_id": "422",
        "album_id": "316"
    },
    {
        "song_id": "6",
        "album_id": "6"
    },
    {
        "song_id": "166",
        "album_id": "464"
    },
    {
        "song_id": "438",
        "album_id": "239"
    },
    {
        "song_id": "458",
        "album_id": "190"
    },
    {
        "song_id": "10",
        "album_id": "103"
    },
    {
        "song_id": "438",
        "album_id": "130"
    },
    {
        "song_id": "329",
        "album_id": "96"
    },
    {
        "song_id": "238",
        "album_id": "395"
    },
    {
        "song_id": "165",
        "album_id": "329"
    },
    {
        "song_id": "355",
        "album_id": "213"
    },
    {
        "song_id": "90",
        "album_id": "297"
    },
    {
        "song_id": "229",
        "album_id": "127"
    },
    {
        "song_id": "343",
        "album_id": "188"
    },
    {
        "song_id": "9",
        "album_id": "160"
    },
    {
        "song_id": "259",
        "album_id": "398"
    },
    {
        "song_id": "494",
        "album_id": "394"
    },
    {
        "song_id": "60",
        "album_id": "391"
    },
    {
        "song_id": "5",
        "album_id": "133"
    },
    {
        "song_id": "246",
        "album_id": "61"
    },
    {
        "song_id": "396",
        "album_id": "254"
    },
    {
        "song_id": "302",
        "album_id": "453"
    },
    {
        "song_id": "134",
        "album_id": "162"
    },
    {
        "song_id": "345",
        "album_id": "297"
    },
    {
        "song_id": "444",
        "album_id": "94"
    },
    {
        "song_id": "90",
        "album_id": "18"
    },
    {
        "song_id": "97",
        "album_id": "227"
    },
    {
        "song_id": "150",
        "album_id": "21"
    },
    {
        "song_id": "430",
        "album_id": "216"
    },
    {
        "song_id": "119",
        "album_id": "2"
    },
    {
        "song_id": "348",
        "album_id": "456"
    },
    {
        "song_id": "204",
        "album_id": "63"
    },
    {
        "song_id": "133",
        "album_id": "193"
    },
    {
        "song_id": "361",
        "album_id": "105"
    },
    {
        "song_id": "217",
        "album_id": "324"
    },
    {
        "song_id": "221",
        "album_id": "121"
    },
    {
        "song_id": "231",
        "album_id": "72"
    },
    {
        "song_id": "347",
        "album_id": "50"
    },
    {
        "song_id": "384",
        "album_id": "452"
    },
    {
        "song_id": "25",
        "album_id": "17"
    },
    {
        "song_id": "412",
        "album_id": "212"
    },
    {
        "song_id": "55",
        "album_id": "132"
    },
    {
        "song_id": "298",
        "album_id": "2"
    },
    {
        "song_id": "260",
        "album_id": "150"
    },
    {
        "song_id": "59",
        "album_id": "187"
    },
    {
        "song_id": "489",
        "album_id": "470"
    },
    {
        "song_id": "267",
        "album_id": "436"
    },
    {
        "song_id": "280",
        "album_id": "86"
    },
    {
        "song_id": "372",
        "album_id": "449"
    },
    {
        "song_id": "82",
        "album_id": "194"
    },
    {
        "song_id": "23",
        "album_id": "460"
    },
    {
        "song_id": "64",
        "album_id": "267"
    },
    {
        "song_id": "33",
        "album_id": "90"
    },
    {
        "song_id": "283",
        "album_id": "71"
    },
    {
        "song_id": "432",
        "album_id": "41"
    },
    {
        "song_id": "337",
        "album_id": "142"
    },
    {
        "song_id": "134",
        "album_id": "177"
    },
    {
        "song_id": "137",
        "album_id": "435"
    },
    {
        "song_id": "407",
        "album_id": "180"
    },
    {
        "song_id": "152",
        "album_id": "139"
    },
    {
        "song_id": "42",
        "album_id": "205"
    },
    {
        "song_id": "98",
        "album_id": "219"
    },
    {
        "song_id": "41",
        "album_id": "394"
    },
    {
        "song_id": "103",
        "album_id": "137"
    },
    {
        "song_id": "324",
        "album_id": "77"
    },
    {
        "song_id": "373",
        "album_id": "376"
    },
    {
        "song_id": "321",
        "album_id": "430"
    },
    {
        "song_id": "213",
        "album_id": "52"
    },
    {
        "song_id": "175",
        "album_id": "65"
    },
    {
        "song_id": "447",
        "album_id": "176"
    },
    {
        "song_id": "422",
        "album_id": "488"
    },
    {
        "song_id": "203",
        "album_id": "99"
    },
    {
        "song_id": "274",
        "album_id": "282"
    },
    {
        "song_id": "169",
        "album_id": "282"
    },
    {
        "song_id": "181",
        "album_id": "103"
    },
    {
        "song_id": "408",
        "album_id": "22"
    },
    {
        "song_id": "483",
        "album_id": "462"
    },
    {
        "song_id": "397",
        "album_id": "244"
    },
    {
        "song_id": "112",
        "album_id": "435"
    },
    {
        "song_id": "62",
        "album_id": "477"
    },
    {
        "song_id": "263",
        "album_id": "123"
    },
    {
        "song_id": "39",
        "album_id": "450"
    },
    {
        "song_id": "481",
        "album_id": "182"
    },
    {
        "song_id": "170",
        "album_id": "45"
    },
    {
        "song_id": "163",
        "album_id": "423"
    },
    {
        "song_id": "426",
        "album_id": "430"
    },
    {
        "song_id": "164",
        "album_id": "493"
    },
    {
        "song_id": "343",
        "album_id": "63"
    },
    {
        "song_id": "363",
        "album_id": "296"
    },
    {
        "song_id": "7",
        "album_id": "431"
    },
    {
        "song_id": "244",
        "album_id": "281"
    },
    {
        "song_id": "420",
        "album_id": "27"
    },
    {
        "song_id": "48",
        "album_id": "42"
    },
    {
        "song_id": "452",
        "album_id": "198"
    },
    {
        "song_id": "28",
        "album_id": "489"
    },
    {
        "song_id": "312",
        "album_id": "301"
    },
    {
        "song_id": "259",
        "album_id": "383"
    },
    {
        "song_id": "50",
        "album_id": "212"
    },
    {
        "song_id": "493",
        "album_id": "188"
    },
    {
        "song_id": "328",
        "album_id": "228"
    },
    {
        "song_id": "4",
        "album_id": "191"
    },
    {
        "song_id": "205",
        "album_id": "316"
    },
    {
        "song_id": "72",
        "album_id": "91"
    },
    {
        "song_id": "73",
        "album_id": "52"
    },
    {
        "song_id": "404",
        "album_id": "90"
    },
    {
        "song_id": "410",
        "album_id": "23"
    },
    {
        "song_id": "480",
        "album_id": "352"
    },
    {
        "song_id": "159",
        "album_id": "204"
    },
    {
        "song_id": "48",
        "album_id": "78"
    },
    {
        "song_id": "355",
        "album_id": "217"
    },
    {
        "song_id": "460",
        "album_id": "371"
    },
    {
        "song_id": "486",
        "album_id": "349"
    },
    {
        "song_id": "413",
        "album_id": "499"
    },
    {
        "song_id": "257",
        "album_id": "111"
    },
    {
        "song_id": "173",
        "album_id": "459"
    },
    {
        "song_id": "380",
        "album_id": "482"
    },
    {
        "song_id": "73",
        "album_id": "37"
    },
    {
        "song_id": "326",
        "album_id": "311"
    },
    {
        "song_id": "13",
        "album_id": "131"
    },
    {
        "song_id": "63",
        "album_id": "14"
    },
    {
        "song_id": "64",
        "album_id": "484"
    },
    {
        "song_id": "409",
        "album_id": "484"
    },
    {
        "song_id": "413",
        "album_id": "472"
    },
    {
        "song_id": "277",
        "album_id": "286"
    },
    {
        "song_id": "83",
        "album_id": "392"
    },
    {
        "song_id": "262",
        "album_id": "148"
    },
    {
        "song_id": "401",
        "album_id": "13"
    },
    {
        "song_id": "255",
        "album_id": "143"
    },
    {
        "song_id": "404",
        "album_id": "423"
    },
    {
        "song_id": "308",
        "album_id": "12"
    },
    {
        "song_id": "78",
        "album_id": "204"
    },
    {
        "song_id": "421",
        "album_id": "377"
    },
    {
        "song_id": "296",
        "album_id": "165"
    },
    {
        "song_id": "379",
        "album_id": "352"
    },
    {
        "song_id": "496",
        "album_id": "154"
    },
    {
        "song_id": "459",
        "album_id": "332"
    },
    {
        "song_id": "182",
        "album_id": "499"
    },
    {
        "song_id": "164",
        "album_id": "480"
    },
    {
        "song_id": "78",
        "album_id": "260"
    },
    {
        "song_id": "236",
        "album_id": "268"
    },
    {
        "song_id": "63",
        "album_id": "233"
    },
    {
        "song_id": "26",
        "album_id": "158"
    },
    {
        "song_id": "190",
        "album_id": "271"
    },
    {
        "song_id": "100",
        "album_id": "480"
    },
    {
        "song_id": "137",
        "album_id": "161"
    },
    {
        "song_id": "282",
        "album_id": "439"
    },
    {
        "song_id": "380",
        "album_id": "258"
    },
    {
        "song_id": "447",
        "album_id": "465"
    },
    {
        "song_id": "320",
        "album_id": "351"
    },
    {
        "song_id": "88",
        "album_id": "321"
    },
    {
        "song_id": "135",
        "album_id": "401"
    },
    {
        "song_id": "209",
        "album_id": "465"
    },
    {
        "song_id": "487",
        "album_id": "119"
    },
    {
        "song_id": "369",
        "album_id": "243"
    },
    {
        "song_id": "96",
        "album_id": "123"
    },
    {
        "song_id": "237",
        "album_id": "203"
    },
    {
        "song_id": "482",
        "album_id": "175"
    },
    {
        "song_id": "112",
        "album_id": "237"
    },
    {
        "song_id": "192",
        "album_id": "319"
    },
    {
        "song_id": "287",
        "album_id": "219"
    },
    {
        "song_id": "409",
        "album_id": "189"
    },
    {
        "song_id": "270",
        "album_id": "72"
    },
    {
        "song_id": "157",
        "album_id": "383"
    },
    {
        "song_id": "155",
        "album_id": "347"
    },
    {
        "song_id": "141",
        "album_id": "173"
    },
    {
        "song_id": "477",
        "album_id": "86"
    },
    {
        "song_id": "381",
        "album_id": "452"
    },
    {
        "song_id": "437",
        "album_id": "22"
    },
    {
        "song_id": "257",
        "album_id": "64"
    },
    {
        "song_id": "491",
        "album_id": "248"
    },
    {
        "song_id": "459",
        "album_id": "359"
    },
    {
        "song_id": "470",
        "album_id": "151"
    },
    {
        "song_id": "381",
        "album_id": "355"
    },
    {
        "song_id": "457",
        "album_id": "411"
    },
    {
        "song_id": "160",
        "album_id": "203"
    },
    {
        "song_id": "149",
        "album_id": "480"
    },
    {
        "song_id": "487",
        "album_id": "110"
    },
    {
        "song_id": "153",
        "album_id": "331"
    },
    {
        "song_id": "202",
        "album_id": "51"
    },
    {
        "song_id": "438",
        "album_id": "173"
    },
    {
        "song_id": "298",
        "album_id": "119"
    },
    {
        "song_id": "450",
        "album_id": "160"
    },
    {
        "song_id": "90",
        "album_id": "149"
    },
    {
        "song_id": "321",
        "album_id": "464"
    },
    {
        "song_id": "169",
        "album_id": "119"
    },
    {
        "song_id": "142",
        "album_id": "9"
    },
    {
        "song_id": "86",
        "album_id": "242"
    },
    {
        "song_id": "404",
        "album_id": "356"
    },
    {
        "song_id": "202",
        "album_id": "50"
    },
    {
        "song_id": "15",
        "album_id": "428"
    },
    {
        "song_id": "166",
        "album_id": "240"
    },
    {
        "song_id": "57",
        "album_id": "199"
    },
    {
        "song_id": "313",
        "album_id": "331"
    },
    {
        "song_id": "439",
        "album_id": "373"
    },
    {
        "song_id": "151",
        "album_id": "415"
    },
    {
        "song_id": "270",
        "album_id": "341"
    },
    {
        "song_id": "378",
        "album_id": "476"
    },
    {
        "song_id": "273",
        "album_id": "159"
    },
    {
        "song_id": "368",
        "album_id": "88"
    },
    {
        "song_id": "431",
        "album_id": "472"
    },
    {
        "song_id": "164",
        "album_id": "382"
    },
    {
        "song_id": "124",
        "album_id": "292"
    },
    {
        "song_id": "479",
        "album_id": "471"
    },
    {
        "song_id": "7",
        "album_id": "143"
    },
    {
        "song_id": "404",
        "album_id": "218"
    },
    {
        "song_id": "191",
        "album_id": "316"
    },
    {
        "song_id": "177",
        "album_id": "352"
    },
    {
        "song_id": "241",
        "album_id": "311"
    },
    {
        "song_id": "352",
        "album_id": "396"
    },
    {
        "song_id": "307",
        "album_id": "101"
    },
    {
        "song_id": "260",
        "album_id": "215"
    },
    {
        "song_id": "217",
        "album_id": "402"
    },
    {
        "song_id": "208",
        "album_id": "482"
    },
    {
        "song_id": "36",
        "album_id": "441"
    },
    {
        "song_id": "121",
        "album_id": "364"
    },
    {
        "song_id": "59",
        "album_id": "147"
    },
    {
        "song_id": "348",
        "album_id": "457"
    },
    {
        "song_id": "429",
        "album_id": "415"
    },
    {
        "song_id": "432",
        "album_id": "81"
    },
    {
        "song_id": "482",
        "album_id": "169"
    },
    {
        "song_id": "259",
        "album_id": "365"
    },
    {
        "song_id": "264",
        "album_id": "499"
    },
    {
        "song_id": "310",
        "album_id": "382"
    },
    {
        "song_id": "341",
        "album_id": "370"
    },
    {
        "song_id": "170",
        "album_id": "205"
    },
    {
        "song_id": "441",
        "album_id": "222"
    },
    {
        "song_id": "138",
        "album_id": "116"
    },
    {
        "song_id": "209",
        "album_id": "90"
    },
    {
        "song_id": "482",
        "album_id": "437"
    },
    {
        "song_id": "117",
        "album_id": "493"
    },
    {
        "song_id": "274",
        "album_id": "457"
    },
    {
        "song_id": "26",
        "album_id": "235"
    },
    {
        "song_id": "258",
        "album_id": "214"
    },
    {
        "song_id": "354",
        "album_id": "307"
    },
    {
        "song_id": "242",
        "album_id": "500"
    },
    {
        "song_id": "288",
        "album_id": "399"
    },
    {
        "song_id": "222",
        "album_id": "301"
    },
    {
        "song_id": "196",
        "album_id": "497"
    },
    {
        "song_id": "499",
        "album_id": "419"
    },
    {
        "song_id": "249",
        "album_id": "468"
    },
    {
        "song_id": "376",
        "album_id": "317"
    },
    {
        "song_id": "330",
        "album_id": "220"
    },
    {
        "song_id": "22",
        "album_id": "129"
    },
    {
        "song_id": "50",
        "album_id": "374"
    },
    {
        "song_id": "470",
        "album_id": "493"
    },
    {
        "song_id": "208",
        "album_id": "5"
    },
    {
        "song_id": "428",
        "album_id": "251"
    },
    {
        "song_id": "153",
        "album_id": "23"
    },
    {
        "song_id": "324",
        "album_id": "396"
    },
    {
        "song_id": "128",
        "album_id": "71"
    },
    {
        "song_id": "137",
        "album_id": "367"
    },
    {
        "song_id": "94",
        "album_id": "112"
    },
    {
        "song_id": "221",
        "album_id": "371"
    },
    {
        "song_id": "434",
        "album_id": "465"
    },
    {
        "song_id": "299",
        "album_id": "191"
    },
    {
        "song_id": "287",
        "album_id": "214"
    },
    {
        "song_id": "225",
        "album_id": "476"
    },
    {
        "song_id": "190",
        "album_id": "314"
    },
    {
        "song_id": "214",
        "album_id": "141"
    },
    {
        "song_id": "299",
        "album_id": "459"
    },
    {
        "song_id": "257",
        "album_id": "5"
    },
    {
        "song_id": "11",
        "album_id": "121"
    },
    {
        "song_id": "162",
        "album_id": "69"
    },
    {
        "song_id": "20",
        "album_id": "93"
    },
    {
        "song_id": "335",
        "album_id": "136"
    },
    {
        "song_id": "264",
        "album_id": "350"
    },
    {
        "song_id": "67",
        "album_id": "320"
    },
    {
        "song_id": "79",
        "album_id": "368"
    },
    {
        "song_id": "111",
        "album_id": "429"
    },
    {
        "song_id": "135",
        "album_id": "79"
    },
    {
        "song_id": "260",
        "album_id": "205"
    },
    {
        "song_id": "244",
        "album_id": "499"
    },
    {
        "song_id": "160",
        "album_id": "193"
    },
    {
        "song_id": "318",
        "album_id": "58"
    },
    {
        "song_id": "490",
        "album_id": "475"
    },
    {
        "song_id": "52",
        "album_id": "408"
    },
    {
        "song_id": "434",
        "album_id": "208"
    },
    {
        "song_id": "500",
        "album_id": "374"
    },
    {
        "song_id": "162",
        "album_id": "366"
    },
    {
        "song_id": "181",
        "album_id": "329"
    },
    {
        "song_id": "353",
        "album_id": "445"
    },
    {
        "song_id": "356",
        "album_id": "131"
    },
    {
        "song_id": "311",
        "album_id": "85"
    },
    {
        "song_id": "5",
        "album_id": "483"
    },
    {
        "song_id": "470",
        "album_id": "334"
    },
    {
        "song_id": "156",
        "album_id": "198"
    },
    {
        "song_id": "390",
        "album_id": "183"
    },
    {
        "song_id": "50",
        "album_id": "281"
    },
    {
        "song_id": "449",
        "album_id": "342"
    },
    {
        "song_id": "194",
        "album_id": "65"
    },
    {
        "song_id": "321",
        "album_id": "52"
    },
    {
        "song_id": "279",
        "album_id": "426"
    },
    {
        "song_id": "481",
        "album_id": "218"
    },
    {
        "song_id": "191",
        "album_id": "41"
    },
    {
        "song_id": "160",
        "album_id": "302"
    },
    {
        "song_id": "369",
        "album_id": "146"
    },
    {
        "song_id": "130",
        "album_id": "324"
    },
    {
        "song_id": "413",
        "album_id": "171"
    },
    {
        "song_id": "310",
        "album_id": "192"
    },
    {
        "song_id": "170",
        "album_id": "448"
    },
    {
        "song_id": "275",
        "album_id": "478"
    },
    {
        "song_id": "488",
        "album_id": "227"
    },
    {
        "song_id": "168",
        "album_id": "397"
    },
    {
        "song_id": "74",
        "album_id": "272"
    },
    {
        "song_id": "48",
        "album_id": "315"
    },
    {
        "song_id": "400",
        "album_id": "122"
    },
    {
        "song_id": "311",
        "album_id": "400"
    },
    {
        "song_id": "72",
        "album_id": "168"
    },
    {
        "song_id": "222",
        "album_id": "174"
    },
    {
        "song_id": "181",
        "album_id": "153"
    },
    {
        "song_id": "494",
        "album_id": "153"
    },
    {
        "song_id": "406",
        "album_id": "274"
    },
    {
        "song_id": "345",
        "album_id": "220"
    },
    {
        "song_id": "184",
        "album_id": "128"
    },
    {
        "song_id": "487",
        "album_id": "13"
    },
    {
        "song_id": "86",
        "album_id": "425"
    },
    {
        "song_id": "488",
        "album_id": "424"
    },
    {
        "song_id": "143",
        "album_id": "392"
    },
    {
        "song_id": "259",
        "album_id": "465"
    },
    {
        "song_id": "301",
        "album_id": "265"
    },
    {
        "song_id": "20",
        "album_id": "493"
    },
    {
        "song_id": "148",
        "album_id": "150"
    },
    {
        "song_id": "301",
        "album_id": "195"
    },
    {
        "song_id": "349",
        "album_id": "310"
    }
]