[
    {
        "user_id": "85",
        "artist_id": "378"
    },
    {
        "user_id": "321",
        "artist_id": "343"
    },
    {
        "user_id": "369",
        "artist_id": "218"
    },
    {
        "user_id": "219",
        "artist_id": "417"
    },
    {
        "user_id": "105",
        "artist_id": "240"
    },
    {
        "user_id": "448",
        "artist_id": "453"
    },
    {
        "user_id": "83",
        "artist_id": "422"
    },
    {
        "user_id": "31",
        "artist_id": "17"
    },
    {
        "user_id": "77",
        "artist_id": "298"
    },
    {
        "user_id": "427",
        "artist_id": "364"
    },
    {
        "user_id": "460",
        "artist_id": "241"
    },
    {
        "user_id": "48",
        "artist_id": "262"
    },
    {
        "user_id": "416",
        "artist_id": "318"
    },
    {
        "user_id": "466",
        "artist_id": "307"
    },
    {
        "user_id": "231",
        "artist_id": "75"
    },
    {
        "user_id": "120",
        "artist_id": "254"
    },
    {
        "user_id": "166",
        "artist_id": "188"
    },
    {
        "user_id": "285",
        "artist_id": "25"
    },
    {
        "user_id": "228",
        "artist_id": "275"
    },
    {
        "user_id": "143",
        "artist_id": "400"
    },
    {
        "user_id": "322",
        "artist_id": "224"
    },
    {
        "user_id": "203",
        "artist_id": "430"
    },
    {
        "user_id": "447",
        "artist_id": "252"
    },
    {
        "user_id": "421",
        "artist_id": "158"
    },
    {
        "user_id": "159",
        "artist_id": "474"
    },
    {
        "user_id": "177",
        "artist_id": "414"
    },
    {
        "user_id": "334",
        "artist_id": "81"
    },
    {
        "user_id": "350",
        "artist_id": "122"
    },
    {
        "user_id": "425",
        "artist_id": "133"
    },
    {
        "user_id": "186",
        "artist_id": "111"
    },
    {
        "user_id": "240",
        "artist_id": "457"
    },
    {
        "user_id": "199",
        "artist_id": "225"
    },
    {
        "user_id": "76",
        "artist_id": "398"
    },
    {
        "user_id": "214",
        "artist_id": "2"
    },
    {
        "user_id": "434",
        "artist_id": "320"
    },
    {
        "user_id": "320",
        "artist_id": "33"
    },
    {
        "user_id": "468",
        "artist_id": "458"
    },
    {
        "user_id": "72",
        "artist_id": "35"
    },
    {
        "user_id": "213",
        "artist_id": "40"
    },
    {
        "user_id": "445",
        "artist_id": "384"
    },
    {
        "user_id": "481",
        "artist_id": "203"
    },
    {
        "user_id": "61",
        "artist_id": "286"
    },
    {
        "user_id": "182",
        "artist_id": "463"
    },
    {
        "user_id": "126",
        "artist_id": "479"
    },
    {
        "user_id": "283",
        "artist_id": "327"
    },
    {
        "user_id": "196",
        "artist_id": "391"
    },
    {
        "user_id": "429",
        "artist_id": "125"
    },
    {
        "user_id": "493",
        "artist_id": "352"
    },
    {
        "user_id": "393",
        "artist_id": "376"
    },
    {
        "user_id": "410",
        "artist_id": "362"
    },
    {
        "user_id": "173",
        "artist_id": "386"
    },
    {
        "user_id": "225",
        "artist_id": "318"
    },
    {
        "user_id": "293",
        "artist_id": "293"
    },
    {
        "user_id": "130",
        "artist_id": "111"
    },
    {
        "user_id": "407",
        "artist_id": "58"
    },
    {
        "user_id": "109",
        "artist_id": "38"
    },
    {
        "user_id": "124",
        "artist_id": "402"
    },
    {
        "user_id": "491",
        "artist_id": "293"
    },
    {
        "user_id": "55",
        "artist_id": "260"
    },
    {
        "user_id": "382",
        "artist_id": "9"
    },
    {
        "user_id": "386",
        "artist_id": "347"
    },
    {
        "user_id": "498",
        "artist_id": "43"
    },
    {
        "user_id": "390",
        "artist_id": "8"
    },
    {
        "user_id": "271",
        "artist_id": "273"
    },
    {
        "user_id": "60",
        "artist_id": "160"
    },
    {
        "user_id": "297",
        "artist_id": "217"
    },
    {
        "user_id": "194",
        "artist_id": "484"
    },
    {
        "user_id": "30",
        "artist_id": "158"
    },
    {
        "user_id": "152",
        "artist_id": "178"
    },
    {
        "user_id": "216",
        "artist_id": "125"
    },
    {
        "user_id": "279",
        "artist_id": "487"
    },
    {
        "user_id": "462",
        "artist_id": "122"
    },
    {
        "user_id": "496",
        "artist_id": "496"
    },
    {
        "user_id": "149",
        "artist_id": "248"
    },
    {
        "user_id": "85",
        "artist_id": "198"
    },
    {
        "user_id": "98",
        "artist_id": "201"
    },
    {
        "user_id": "206",
        "artist_id": "156"
    },
    {
        "user_id": "108",
        "artist_id": "347"
    },
    {
        "user_id": "128",
        "artist_id": "458"
    },
    {
        "user_id": "160",
        "artist_id": "123"
    },
    {
        "user_id": "256",
        "artist_id": "88"
    },
    {
        "user_id": "199",
        "artist_id": "56"
    },
    {
        "user_id": "193",
        "artist_id": "273"
    },
    {
        "user_id": "296",
        "artist_id": "166"
    },
    {
        "user_id": "369",
        "artist_id": "483"
    },
    {
        "user_id": "85",
        "artist_id": "492"
    },
    {
        "user_id": "264",
        "artist_id": "312"
    },
    {
        "user_id": "89",
        "artist_id": "331"
    },
    {
        "user_id": "455",
        "artist_id": "292"
    },
    {
        "user_id": "117",
        "artist_id": "241"
    },
    {
        "user_id": "131",
        "artist_id": "443"
    },
    {
        "user_id": "138",
        "artist_id": "252"
    },
    {
        "user_id": "203",
        "artist_id": "451"
    },
    {
        "user_id": "366",
        "artist_id": "54"
    },
    {
        "user_id": "378",
        "artist_id": "65"
    },
    {
        "user_id": "31",
        "artist_id": "418"
    },
    {
        "user_id": "30",
        "artist_id": "48"
    },
    {
        "user_id": "219",
        "artist_id": "273"
    },
    {
        "user_id": "97",
        "artist_id": "456"
    },
    {
        "user_id": "367",
        "artist_id": "210"
    },
    {
        "user_id": "312",
        "artist_id": "417"
    },
    {
        "user_id": "153",
        "artist_id": "496"
    },
    {
        "user_id": "441",
        "artist_id": "33"
    },
    {
        "user_id": "45",
        "artist_id": "118"
    },
    {
        "user_id": "157",
        "artist_id": "435"
    },
    {
        "user_id": "78",
        "artist_id": "429"
    },
    {
        "user_id": "179",
        "artist_id": "219"
    },
    {
        "user_id": "442",
        "artist_id": "215"
    },
    {
        "user_id": "82",
        "artist_id": "50"
    },
    {
        "user_id": "162",
        "artist_id": "427"
    },
    {
        "user_id": "215",
        "artist_id": "82"
    },
    {
        "user_id": "409",
        "artist_id": "337"
    },
    {
        "user_id": "54",
        "artist_id": "39"
    },
    {
        "user_id": "150",
        "artist_id": "222"
    },
    {
        "user_id": "423",
        "artist_id": "185"
    },
    {
        "user_id": "114",
        "artist_id": "356"
    },
    {
        "user_id": "33",
        "artist_id": "233"
    },
    {
        "user_id": "77",
        "artist_id": "42"
    },
    {
        "user_id": "400",
        "artist_id": "489"
    },
    {
        "user_id": "192",
        "artist_id": "450"
    },
    {
        "user_id": "420",
        "artist_id": "359"
    },
    {
        "user_id": "487",
        "artist_id": "476"
    },
    {
        "user_id": "192",
        "artist_id": "42"
    },
    {
        "user_id": "279",
        "artist_id": "6"
    },
    {
        "user_id": "153",
        "artist_id": "451"
    },
    {
        "user_id": "232",
        "artist_id": "435"
    },
    {
        "user_id": "441",
        "artist_id": "10"
    },
    {
        "user_id": "308",
        "artist_id": "463"
    },
    {
        "user_id": "115",
        "artist_id": "353"
    },
    {
        "user_id": "432",
        "artist_id": "332"
    },
    {
        "user_id": "109",
        "artist_id": "97"
    },
    {
        "user_id": "345",
        "artist_id": "498"
    },
    {
        "user_id": "36",
        "artist_id": "399"
    },
    {
        "user_id": "190",
        "artist_id": "205"
    },
    {
        "user_id": "144",
        "artist_id": "293"
    },
    {
        "user_id": "263",
        "artist_id": "431"
    },
    {
        "user_id": "381",
        "artist_id": "397"
    },
    {
        "user_id": "499",
        "artist_id": "140"
    },
    {
        "user_id": "299",
        "artist_id": "20"
    },
    {
        "user_id": "320",
        "artist_id": "169"
    },
    {
        "user_id": "15",
        "artist_id": "451"
    },
    {
        "user_id": "167",
        "artist_id": "341"
    },
    {
        "user_id": "245",
        "artist_id": "166"
    },
    {
        "user_id": "238",
        "artist_id": "10"
    },
    {
        "user_id": "221",
        "artist_id": "288"
    },
    {
        "user_id": "75",
        "artist_id": "363"
    },
    {
        "user_id": "309",
        "artist_id": "388"
    },
    {
        "user_id": "383",
        "artist_id": "369"
    },
    {
        "user_id": "147",
        "artist_id": "201"
    },
    {
        "user_id": "442",
        "artist_id": "206"
    },
    {
        "user_id": "24",
        "artist_id": "86"
    },
    {
        "user_id": "362",
        "artist_id": "401"
    },
    {
        "user_id": "143",
        "artist_id": "277"
    },
    {
        "user_id": "316",
        "artist_id": "246"
    },
    {
        "user_id": "399",
        "artist_id": "464"
    },
    {
        "user_id": "77",
        "artist_id": "197"
    },
    {
        "user_id": "392",
        "artist_id": "297"
    },
    {
        "user_id": "78",
        "artist_id": "251"
    },
    {
        "user_id": "374",
        "artist_id": "193"
    },
    {
        "user_id": "380",
        "artist_id": "451"
    },
    {
        "user_id": "210",
        "artist_id": "53"
    },
    {
        "user_id": "337",
        "artist_id": "147"
    },
    {
        "user_id": "298",
        "artist_id": "454"
    },
    {
        "user_id": "53",
        "artist_id": "46"
    },
    {
        "user_id": "324",
        "artist_id": "236"
    },
    {
        "user_id": "438",
        "artist_id": "109"
    },
    {
        "user_id": "477",
        "artist_id": "136"
    },
    {
        "user_id": "128",
        "artist_id": "290"
    },
    {
        "user_id": "491",
        "artist_id": "387"
    },
    {
        "user_id": "46",
        "artist_id": "20"
    },
    {
        "user_id": "256",
        "artist_id": "172"
    },
    {
        "user_id": "166",
        "artist_id": "94"
    },
    {
        "user_id": "236",
        "artist_id": "183"
    },
    {
        "user_id": "86",
        "artist_id": "45"
    },
    {
        "user_id": "292",
        "artist_id": "469"
    },
    {
        "user_id": "352",
        "artist_id": "75"
    },
    {
        "user_id": "112",
        "artist_id": "389"
    },
    {
        "user_id": "9",
        "artist_id": "454"
    },
    {
        "user_id": "467",
        "artist_id": "91"
    },
    {
        "user_id": "129",
        "artist_id": "68"
    },
    {
        "user_id": "12",
        "artist_id": "300"
    },
    {
        "user_id": "209",
        "artist_id": "109"
    },
    {
        "user_id": "398",
        "artist_id": "333"
    },
    {
        "user_id": "46",
        "artist_id": "407"
    },
    {
        "user_id": "473",
        "artist_id": "469"
    },
    {
        "user_id": "343",
        "artist_id": "43"
    },
    {
        "user_id": "439",
        "artist_id": "435"
    },
    {
        "user_id": "441",
        "artist_id": "42"
    },
    {
        "user_id": "141",
        "artist_id": "318"
    },
    {
        "user_id": "262",
        "artist_id": "75"
    },
    {
        "user_id": "356",
        "artist_id": "413"
    },
    {
        "user_id": "495",
        "artist_id": "345"
    },
    {
        "user_id": "16",
        "artist_id": "356"
    },
    {
        "user_id": "265",
        "artist_id": "498"
    },
    {
        "user_id": "101",
        "artist_id": "380"
    },
    {
        "user_id": "331",
        "artist_id": "341"
    },
    {
        "user_id": "324",
        "artist_id": "32"
    },
    {
        "user_id": "175",
        "artist_id": "484"
    },
    {
        "user_id": "158",
        "artist_id": "400"
    },
    {
        "user_id": "331",
        "artist_id": "468"
    },
    {
        "user_id": "23",
        "artist_id": "384"
    },
    {
        "user_id": "151",
        "artist_id": "460"
    },
    {
        "user_id": "302",
        "artist_id": "90"
    },
    {
        "user_id": "131",
        "artist_id": "127"
    },
    {
        "user_id": "299",
        "artist_id": "102"
    },
    {
        "user_id": "17",
        "artist_id": "416"
    },
    {
        "user_id": "104",
        "artist_id": "22"
    },
    {
        "user_id": "370",
        "artist_id": "159"
    },
    {
        "user_id": "141",
        "artist_id": "412"
    },
    {
        "user_id": "38",
        "artist_id": "39"
    },
    {
        "user_id": "106",
        "artist_id": "352"
    },
    {
        "user_id": "251",
        "artist_id": "368"
    },
    {
        "user_id": "195",
        "artist_id": "83"
    },
    {
        "user_id": "182",
        "artist_id": "3"
    },
    {
        "user_id": "231",
        "artist_id": "251"
    },
    {
        "user_id": "460",
        "artist_id": "477"
    },
    {
        "user_id": "494",
        "artist_id": "314"
    },
    {
        "user_id": "53",
        "artist_id": "436"
    },
    {
        "user_id": "498",
        "artist_id": "301"
    },
    {
        "user_id": "124",
        "artist_id": "495"
    },
    {
        "user_id": "153",
        "artist_id": "152"
    },
    {
        "user_id": "22",
        "artist_id": "311"
    },
    {
        "user_id": "77",
        "artist_id": "66"
    },
    {
        "user_id": "306",
        "artist_id": "467"
    },
    {
        "user_id": "333",
        "artist_id": "386"
    },
    {
        "user_id": "500",
        "artist_id": "32"
    },
    {
        "user_id": "40",
        "artist_id": "324"
    },
    {
        "user_id": "361",
        "artist_id": "291"
    },
    {
        "user_id": "21",
        "artist_id": "354"
    },
    {
        "user_id": "90",
        "artist_id": "131"
    },
    {
        "user_id": "179",
        "artist_id": "37"
    },
    {
        "user_id": "182",
        "artist_id": "119"
    },
    {
        "user_id": "477",
        "artist_id": "375"
    },
    {
        "user_id": "450",
        "artist_id": "380"
    },
    {
        "user_id": "136",
        "artist_id": "55"
    },
    {
        "user_id": "357",
        "artist_id": "61"
    },
    {
        "user_id": "100",
        "artist_id": "146"
    },
    {
        "user_id": "408",
        "artist_id": "497"
    },
    {
        "user_id": "193",
        "artist_id": "95"
    },
    {
        "user_id": "23",
        "artist_id": "93"
    },
    {
        "user_id": "435",
        "artist_id": "443"
    },
    {
        "user_id": "224",
        "artist_id": "255"
    },
    {
        "user_id": "109",
        "artist_id": "468"
    },
    {
        "user_id": "395",
        "artist_id": "296"
    },
    {
        "user_id": "499",
        "artist_id": "208"
    },
    {
        "user_id": "277",
        "artist_id": "204"
    },
    {
        "user_id": "397",
        "artist_id": "199"
    },
    {
        "user_id": "265",
        "artist_id": "206"
    },
    {
        "user_id": "485",
        "artist_id": "343"
    },
    {
        "user_id": "88",
        "artist_id": "490"
    },
    {
        "user_id": "476",
        "artist_id": "56"
    },
    {
        "user_id": "284",
        "artist_id": "190"
    },
    {
        "user_id": "111",
        "artist_id": "18"
    },
    {
        "user_id": "294",
        "artist_id": "184"
    },
    {
        "user_id": "141",
        "artist_id": "380"
    },
    {
        "user_id": "393",
        "artist_id": "436"
    },
    {
        "user_id": "313",
        "artist_id": "91"
    },
    {
        "user_id": "46",
        "artist_id": "447"
    },
    {
        "user_id": "280",
        "artist_id": "301"
    },
    {
        "user_id": "280",
        "artist_id": "206"
    },
    {
        "user_id": "373",
        "artist_id": "240"
    },
    {
        "user_id": "124",
        "artist_id": "189"
    },
    {
        "user_id": "101",
        "artist_id": "414"
    },
    {
        "user_id": "165",
        "artist_id": "59"
    },
    {
        "user_id": "73",
        "artist_id": "34"
    },
    {
        "user_id": "52",
        "artist_id": "220"
    },
    {
        "user_id": "257",
        "artist_id": "19"
    },
    {
        "user_id": "306",
        "artist_id": "269"
    },
    {
        "user_id": "237",
        "artist_id": "338"
    },
    {
        "user_id": "220",
        "artist_id": "258"
    },
    {
        "user_id": "352",
        "artist_id": "85"
    },
    {
        "user_id": "393",
        "artist_id": "244"
    },
    {
        "user_id": "41",
        "artist_id": "461"
    },
    {
        "user_id": "309",
        "artist_id": "313"
    },
    {
        "user_id": "249",
        "artist_id": "229"
    },
    {
        "user_id": "459",
        "artist_id": "446"
    },
    {
        "user_id": "414",
        "artist_id": "129"
    },
    {
        "user_id": "352",
        "artist_id": "465"
    },
    {
        "user_id": "64",
        "artist_id": "175"
    },
    {
        "user_id": "249",
        "artist_id": "318"
    },
    {
        "user_id": "205",
        "artist_id": "136"
    },
    {
        "user_id": "83",
        "artist_id": "439"
    },
    {
        "user_id": "275",
        "artist_id": "245"
    },
    {
        "user_id": "478",
        "artist_id": "189"
    },
    {
        "user_id": "42",
        "artist_id": "365"
    },
    {
        "user_id": "392",
        "artist_id": "93"
    },
    {
        "user_id": "106",
        "artist_id": "379"
    },
    {
        "user_id": "339",
        "artist_id": "174"
    },
    {
        "user_id": "161",
        "artist_id": "168"
    },
    {
        "user_id": "52",
        "artist_id": "351"
    },
    {
        "user_id": "208",
        "artist_id": "403"
    },
    {
        "user_id": "200",
        "artist_id": "300"
    },
    {
        "user_id": "212",
        "artist_id": "29"
    },
    {
        "user_id": "341",
        "artist_id": "49"
    },
    {
        "user_id": "42",
        "artist_id": "300"
    },
    {
        "user_id": "354",
        "artist_id": "63"
    },
    {
        "user_id": "261",
        "artist_id": "137"
    },
    {
        "user_id": "31",
        "artist_id": "194"
    },
    {
        "user_id": "221",
        "artist_id": "267"
    },
    {
        "user_id": "482",
        "artist_id": "167"
    },
    {
        "user_id": "148",
        "artist_id": "400"
    },
    {
        "user_id": "438",
        "artist_id": "32"
    },
    {
        "user_id": "226",
        "artist_id": "235"
    },
    {
        "user_id": "252",
        "artist_id": "363"
    },
    {
        "user_id": "269",
        "artist_id": "43"
    },
    {
        "user_id": "269",
        "artist_id": "281"
    },
    {
        "user_id": "154",
        "artist_id": "12"
    },
    {
        "user_id": "115",
        "artist_id": "455"
    },
    {
        "user_id": "449",
        "artist_id": "132"
    },
    {
        "user_id": "65",
        "artist_id": "220"
    },
    {
        "user_id": "389",
        "artist_id": "499"
    },
    {
        "user_id": "308",
        "artist_id": "349"
    },
    {
        "user_id": "485",
        "artist_id": "36"
    },
    {
        "user_id": "358",
        "artist_id": "483"
    },
    {
        "user_id": "56",
        "artist_id": "122"
    },
    {
        "user_id": "216",
        "artist_id": "311"
    },
    {
        "user_id": "328",
        "artist_id": "486"
    },
    {
        "user_id": "381",
        "artist_id": "459"
    },
    {
        "user_id": "110",
        "artist_id": "120"
    },
    {
        "user_id": "397",
        "artist_id": "46"
    },
    {
        "user_id": "283",
        "artist_id": "127"
    },
    {
        "user_id": "56",
        "artist_id": "298"
    },
    {
        "user_id": "187",
        "artist_id": "194"
    },
    {
        "user_id": "235",
        "artist_id": "134"
    },
    {
        "user_id": "326",
        "artist_id": "421"
    },
    {
        "user_id": "364",
        "artist_id": "408"
    },
    {
        "user_id": "359",
        "artist_id": "4"
    },
    {
        "user_id": "40",
        "artist_id": "138"
    },
    {
        "user_id": "50",
        "artist_id": "103"
    },
    {
        "user_id": "88",
        "artist_id": "250"
    },
    {
        "user_id": "270",
        "artist_id": "78"
    },
    {
        "user_id": "377",
        "artist_id": "236"
    },
    {
        "user_id": "89",
        "artist_id": "165"
    },
    {
        "user_id": "21",
        "artist_id": "141"
    },
    {
        "user_id": "101",
        "artist_id": "242"
    },
    {
        "user_id": "351",
        "artist_id": "496"
    },
    {
        "user_id": "205",
        "artist_id": "315"
    },
    {
        "user_id": "343",
        "artist_id": "228"
    },
    {
        "user_id": "28",
        "artist_id": "325"
    },
    {
        "user_id": "49",
        "artist_id": "384"
    },
    {
        "user_id": "147",
        "artist_id": "327"
    },
    {
        "user_id": "455",
        "artist_id": "295"
    },
    {
        "user_id": "46",
        "artist_id": "416"
    },
    {
        "user_id": "436",
        "artist_id": "125"
    },
    {
        "user_id": "265",
        "artist_id": "295"
    },
    {
        "user_id": "15",
        "artist_id": "290"
    },
    {
        "user_id": "282",
        "artist_id": "483"
    },
    {
        "user_id": "456",
        "artist_id": "183"
    },
    {
        "user_id": "480",
        "artist_id": "135"
    },
    {
        "user_id": "6",
        "artist_id": "424"
    },
    {
        "user_id": "131",
        "artist_id": "39"
    },
    {
        "user_id": "12",
        "artist_id": "231"
    },
    {
        "user_id": "191",
        "artist_id": "485"
    },
    {
        "user_id": "338",
        "artist_id": "371"
    },
    {
        "user_id": "345",
        "artist_id": "416"
    },
    {
        "user_id": "481",
        "artist_id": "231"
    },
    {
        "user_id": "468",
        "artist_id": "137"
    },
    {
        "user_id": "421",
        "artist_id": "477"
    },
    {
        "user_id": "257",
        "artist_id": "55"
    },
    {
        "user_id": "264",
        "artist_id": "41"
    },
    {
        "user_id": "19",
        "artist_id": "42"
    },
    {
        "user_id": "186",
        "artist_id": "243"
    },
    {
        "user_id": "91",
        "artist_id": "424"
    },
    {
        "user_id": "210",
        "artist_id": "403"
    },
    {
        "user_id": "241",
        "artist_id": "447"
    },
    {
        "user_id": "17",
        "artist_id": "212"
    },
    {
        "user_id": "421",
        "artist_id": "322"
    },
    {
        "user_id": "202",
        "artist_id": "121"
    },
    {
        "user_id": "75",
        "artist_id": "355"
    },
    {
        "user_id": "20",
        "artist_id": "291"
    },
    {
        "user_id": "6",
        "artist_id": "327"
    },
    {
        "user_id": "175",
        "artist_id": "155"
    },
    {
        "user_id": "301",
        "artist_id": "63"
    },
    {
        "user_id": "6",
        "artist_id": "290"
    },
    {
        "user_id": "61",
        "artist_id": "343"
    },
    {
        "user_id": "141",
        "artist_id": "250"
    },
    {
        "user_id": "221",
        "artist_id": "155"
    },
    {
        "user_id": "496",
        "artist_id": "150"
    },
    {
        "user_id": "69",
        "artist_id": "79"
    },
    {
        "user_id": "223",
        "artist_id": "450"
    },
    {
        "user_id": "230",
        "artist_id": "207"
    },
    {
        "user_id": "217",
        "artist_id": "16"
    },
    {
        "user_id": "281",
        "artist_id": "259"
    },
    {
        "user_id": "80",
        "artist_id": "87"
    },
    {
        "user_id": "200",
        "artist_id": "108"
    },
    {
        "user_id": "322",
        "artist_id": "73"
    },
    {
        "user_id": "247",
        "artist_id": "325"
    },
    {
        "user_id": "399",
        "artist_id": "98"
    },
    {
        "user_id": "144",
        "artist_id": "96"
    },
    {
        "user_id": "34",
        "artist_id": "1"
    },
    {
        "user_id": "262",
        "artist_id": "80"
    },
    {
        "user_id": "196",
        "artist_id": "170"
    },
    {
        "user_id": "326",
        "artist_id": "330"
    },
    {
        "user_id": "384",
        "artist_id": "72"
    },
    {
        "user_id": "8",
        "artist_id": "106"
    },
    {
        "user_id": "248",
        "artist_id": "490"
    },
    {
        "user_id": "144",
        "artist_id": "36"
    },
    {
        "user_id": "238",
        "artist_id": "372"
    },
    {
        "user_id": "127",
        "artist_id": "399"
    },
    {
        "user_id": "465",
        "artist_id": "480"
    },
    {
        "user_id": "109",
        "artist_id": "196"
    },
    {
        "user_id": "147",
        "artist_id": "39"
    },
    {
        "user_id": "104",
        "artist_id": "284"
    },
    {
        "user_id": "165",
        "artist_id": "182"
    },
    {
        "user_id": "51",
        "artist_id": "174"
    },
    {
        "user_id": "64",
        "artist_id": "148"
    },
    {
        "user_id": "457",
        "artist_id": "450"
    },
    {
        "user_id": "387",
        "artist_id": "472"
    },
    {
        "user_id": "392",
        "artist_id": "497"
    },
    {
        "user_id": "265",
        "artist_id": "383"
    },
    {
        "user_id": "397",
        "artist_id": "500"
    },
    {
        "user_id": "370",
        "artist_id": "175"
    },
    {
        "user_id": "61",
        "artist_id": "350"
    },
    {
        "user_id": "67",
        "artist_id": "309"
    },
    {
        "user_id": "452",
        "artist_id": "207"
    },
    {
        "user_id": "316",
        "artist_id": "327"
    },
    {
        "user_id": "149",
        "artist_id": "264"
    },
    {
        "user_id": "129",
        "artist_id": "91"
    },
    {
        "user_id": "378",
        "artist_id": "342"
    },
    {
        "user_id": "137",
        "artist_id": "440"
    },
    {
        "user_id": "497",
        "artist_id": "121"
    },
    {
        "user_id": "433",
        "artist_id": "280"
    },
    {
        "user_id": "457",
        "artist_id": "243"
    },
    {
        "user_id": "430",
        "artist_id": "310"
    },
    {
        "user_id": "42",
        "artist_id": "340"
    },
    {
        "user_id": "172",
        "artist_id": "241"
    },
    {
        "user_id": "271",
        "artist_id": "117"
    },
    {
        "user_id": "420",
        "artist_id": "45"
    },
    {
        "user_id": "471",
        "artist_id": "275"
    },
    {
        "user_id": "2",
        "artist_id": "157"
    },
    {
        "user_id": "348",
        "artist_id": "357"
    },
    {
        "user_id": "189",
        "artist_id": "4"
    },
    {
        "user_id": "57",
        "artist_id": "189"
    },
    {
        "user_id": "24",
        "artist_id": "124"
    },
    {
        "user_id": "417",
        "artist_id": "365"
    },
    {
        "user_id": "174",
        "artist_id": "99"
    },
    {
        "user_id": "12",
        "artist_id": "422"
    },
    {
        "user_id": "301",
        "artist_id": "161"
    },
    {
        "user_id": "423",
        "artist_id": "92"
    },
    {
        "user_id": "150",
        "artist_id": "235"
    },
    {
        "user_id": "287",
        "artist_id": "92"
    },
    {
        "user_id": "5",
        "artist_id": "23"
    },
    {
        "user_id": "367",
        "artist_id": "354"
    },
    {
        "user_id": "246",
        "artist_id": "405"
    },
    {
        "user_id": "269",
        "artist_id": "327"
    },
    {
        "user_id": "297",
        "artist_id": "62"
    },
    {
        "user_id": "120",
        "artist_id": "372"
    },
    {
        "user_id": "500",
        "artist_id": "238"
    },
    {
        "user_id": "432",
        "artist_id": "254"
    },
    {
        "user_id": "58",
        "artist_id": "377"
    },
    {
        "user_id": "62",
        "artist_id": "189"
    },
    {
        "user_id": "366",
        "artist_id": "315"
    },
    {
        "user_id": "390",
        "artist_id": "19"
    },
    {
        "user_id": "189",
        "artist_id": "244"
    },
    {
        "user_id": "21",
        "artist_id": "478"
    },
    {
        "user_id": "189",
        "artist_id": "127"
    },
    {
        "user_id": "326",
        "artist_id": "443"
    },
    {
        "user_id": "376",
        "artist_id": "98"
    },
    {
        "user_id": "296",
        "artist_id": "129"
    },
    {
        "user_id": "452",
        "artist_id": "158"
    },
    {
        "user_id": "48",
        "artist_id": "161"
    },
    {
        "user_id": "152",
        "artist_id": "172"
    },
    {
        "user_id": "333",
        "artist_id": "135"
    },
    {
        "user_id": "490",
        "artist_id": "216"
    },
    {
        "user_id": "66",
        "artist_id": "382"
    },
    {
        "user_id": "452",
        "artist_id": "464"
    },
    {
        "user_id": "97",
        "artist_id": "14"
    },
    {
        "user_id": "338",
        "artist_id": "328"
    },
    {
        "user_id": "162",
        "artist_id": "358"
    },
    {
        "user_id": "212",
        "artist_id": "83"
    },
    {
        "user_id": "223",
        "artist_id": "302"
    },
    {
        "user_id": "107",
        "artist_id": "279"
    },
    {
        "user_id": "52",
        "artist_id": "318"
    },
    {
        "user_id": "34",
        "artist_id": "440"
    },
    {
        "user_id": "104",
        "artist_id": "355"
    },
    {
        "user_id": "200",
        "artist_id": "385"
    },
    {
        "user_id": "293",
        "artist_id": "63"
    },
    {
        "user_id": "86",
        "artist_id": "359"
    },
    {
        "user_id": "396",
        "artist_id": "353"
    },
    {
        "user_id": "141",
        "artist_id": "321"
    },
    {
        "user_id": "431",
        "artist_id": "73"
    },
    {
        "user_id": "254",
        "artist_id": "99"
    },
    {
        "user_id": "30",
        "artist_id": "63"
    },
    {
        "user_id": "98",
        "artist_id": "110"
    },
    {
        "user_id": "126",
        "artist_id": "240"
    },
    {
        "user_id": "249",
        "artist_id": "163"
    },
    {
        "user_id": "361",
        "artist_id": "78"
    },
    {
        "user_id": "492",
        "artist_id": "238"
    },
    {
        "user_id": "385",
        "artist_id": "135"
    },
    {
        "user_id": "212",
        "artist_id": "63"
    },
    {
        "user_id": "282",
        "artist_id": "186"
    },
    {
        "user_id": "267",
        "artist_id": "217"
    },
    {
        "user_id": "65",
        "artist_id": "401"
    },
    {
        "user_id": "411",
        "artist_id": "166"
    },
    {
        "user_id": "401",
        "artist_id": "254"
    },
    {
        "user_id": "215",
        "artist_id": "496"
    },
    {
        "user_id": "296",
        "artist_id": "217"
    },
    {
        "user_id": "30",
        "artist_id": "177"
    },
    {
        "user_id": "3",
        "artist_id": "189"
    },
    {
        "user_id": "364",
        "artist_id": "129"
    }
]