[
    {
        "user_id": "282",
        "playlist_id": "347",
        "date_created": "1998-09-01"
    },
    {
        "user_id": "78",
        "playlist_id": "439",
        "date_created": "2001-04-05"
    },
    {
        "user_id": "195",
        "playlist_id": "357",
        "date_created": "2003-08-03"
    },
    {
        "user_id": "356",
        "playlist_id": "125",
        "date_created": "1991-05-19"
    },
    {
        "user_id": "133",
        "playlist_id": "284",
        "date_created": "1976-06-09"
    },
    {
        "user_id": "395",
        "playlist_id": "329",
        "date_created": "1999-03-16"
    },
    {
        "user_id": "170",
        "playlist_id": "480",
        "date_created": "1999-02-21"
    },
    {
        "user_id": "364",
        "playlist_id": "325",
        "date_created": "1988-10-15"
    },
    {
        "user_id": "105",
        "playlist_id": "304",
        "date_created": "1998-06-12"
    },
    {
        "user_id": "427",
        "playlist_id": "318",
        "date_created": "1999-01-30"
    },
    {
        "user_id": "239",
        "playlist_id": "11",
        "date_created": "1974-06-11"
    },
    {
        "user_id": "261",
        "playlist_id": "168",
        "date_created": "2011-01-15"
    },
    {
        "user_id": "3",
        "playlist_id": "68",
        "date_created": "1992-07-19"
    },
    {
        "user_id": "111",
        "playlist_id": "147",
        "date_created": "2018-03-24"
    },
    {
        "user_id": "398",
        "playlist_id": "99",
        "date_created": "2009-12-15"
    },
    {
        "user_id": "116",
        "playlist_id": "176",
        "date_created": "2000-07-04"
    },
    {
        "user_id": "19",
        "playlist_id": "11",
        "date_created": "1990-08-02"
    },
    {
        "user_id": "212",
        "playlist_id": "480",
        "date_created": "1978-03-30"
    },
    {
        "user_id": "380",
        "playlist_id": "316",
        "date_created": "2009-05-19"
    },
    {
        "user_id": "157",
        "playlist_id": "206",
        "date_created": "2004-09-01"
    },
    {
        "user_id": "341",
        "playlist_id": "144",
        "date_created": "1992-05-11"
    },
    {
        "user_id": "49",
        "playlist_id": "175",
        "date_created": "1986-11-24"
    },
    {
        "user_id": "283",
        "playlist_id": "35",
        "date_created": "1977-08-30"
    },
    {
        "user_id": "217",
        "playlist_id": "397",
        "date_created": "1984-10-13"
    },
    {
        "user_id": "279",
        "playlist_id": "27",
        "date_created": "1984-01-21"
    },
    {
        "user_id": "453",
        "playlist_id": "121",
        "date_created": "2021-03-30"
    },
    {
        "user_id": "310",
        "playlist_id": "302",
        "date_created": "1985-06-06"
    },
    {
        "user_id": "430",
        "playlist_id": "267",
        "date_created": "2012-05-04"
    },
    {
        "user_id": "200",
        "playlist_id": "269",
        "date_created": "1991-08-20"
    },
    {
        "user_id": "183",
        "playlist_id": "458",
        "date_created": "1982-07-09"
    },
    {
        "user_id": "239",
        "playlist_id": "344",
        "date_created": "1986-12-06"
    },
    {
        "user_id": "218",
        "playlist_id": "206",
        "date_created": "1984-02-01"
    },
    {
        "user_id": "122",
        "playlist_id": "23",
        "date_created": "1978-08-03"
    },
    {
        "user_id": "482",
        "playlist_id": "147",
        "date_created": "1972-01-09"
    },
    {
        "user_id": "95",
        "playlist_id": "454",
        "date_created": "1986-01-08"
    },
    {
        "user_id": "379",
        "playlist_id": "243",
        "date_created": "1976-12-07"
    },
    {
        "user_id": "227",
        "playlist_id": "46",
        "date_created": "1999-03-23"
    },
    {
        "user_id": "205",
        "playlist_id": "79",
        "date_created": "1993-08-23"
    },
    {
        "user_id": "151",
        "playlist_id": "393",
        "date_created": "2019-04-19"
    },
    {
        "user_id": "168",
        "playlist_id": "400",
        "date_created": "1984-07-28"
    },
    {
        "user_id": "362",
        "playlist_id": "331",
        "date_created": "2014-06-18"
    },
    {
        "user_id": "372",
        "playlist_id": "79",
        "date_created": "2023-12-07"
    },
    {
        "user_id": "108",
        "playlist_id": "402",
        "date_created": "1972-10-17"
    },
    {
        "user_id": "207",
        "playlist_id": "126",
        "date_created": "1973-01-22"
    },
    {
        "user_id": "341",
        "playlist_id": "359",
        "date_created": "1976-04-06"
    },
    {
        "user_id": "196",
        "playlist_id": "61",
        "date_created": "1982-06-15"
    },
    {
        "user_id": "8",
        "playlist_id": "130",
        "date_created": "1980-11-24"
    },
    {
        "user_id": "186",
        "playlist_id": "240",
        "date_created": "1997-08-13"
    },
    {
        "user_id": "168",
        "playlist_id": "44",
        "date_created": "2023-05-27"
    },
    {
        "user_id": "365",
        "playlist_id": "366",
        "date_created": "2007-06-08"
    },
    {
        "user_id": "243",
        "playlist_id": "185",
        "date_created": "2015-03-09"
    },
    {
        "user_id": "267",
        "playlist_id": "365",
        "date_created": "1984-12-10"
    },
    {
        "user_id": "495",
        "playlist_id": "64",
        "date_created": "2023-03-05"
    },
    {
        "user_id": "190",
        "playlist_id": "116",
        "date_created": "1975-05-21"
    },
    {
        "user_id": "10",
        "playlist_id": "436",
        "date_created": "1988-05-18"
    },
    {
        "user_id": "117",
        "playlist_id": "63",
        "date_created": "1975-05-13"
    },
    {
        "user_id": "454",
        "playlist_id": "296",
        "date_created": "2015-05-20"
    },
    {
        "user_id": "60",
        "playlist_id": "150",
        "date_created": "2019-06-25"
    },
    {
        "user_id": "110",
        "playlist_id": "211",
        "date_created": "1991-04-10"
    },
    {
        "user_id": "213",
        "playlist_id": "233",
        "date_created": "2023-08-16"
    },
    {
        "user_id": "336",
        "playlist_id": "434",
        "date_created": "1986-02-24"
    },
    {
        "user_id": "286",
        "playlist_id": "62",
        "date_created": "2021-07-15"
    },
    {
        "user_id": "448",
        "playlist_id": "500",
        "date_created": "1980-02-05"
    },
    {
        "user_id": "32",
        "playlist_id": "238",
        "date_created": "1974-10-25"
    },
    {
        "user_id": "195",
        "playlist_id": "210",
        "date_created": "2006-01-09"
    },
    {
        "user_id": "61",
        "playlist_id": "55",
        "date_created": "2007-01-22"
    },
    {
        "user_id": "26",
        "playlist_id": "49",
        "date_created": "2019-06-13"
    },
    {
        "user_id": "294",
        "playlist_id": "141",
        "date_created": "1998-08-15"
    },
    {
        "user_id": "233",
        "playlist_id": "187",
        "date_created": "2022-08-28"
    },
    {
        "user_id": "290",
        "playlist_id": "300",
        "date_created": "1978-08-22"
    },
    {
        "user_id": "426",
        "playlist_id": "45",
        "date_created": "1999-06-01"
    },
    {
        "user_id": "475",
        "playlist_id": "26",
        "date_created": "2000-10-06"
    },
    {
        "user_id": "190",
        "playlist_id": "224",
        "date_created": "1977-09-25"
    },
    {
        "user_id": "474",
        "playlist_id": "49",
        "date_created": "1975-10-20"
    },
    {
        "user_id": "19",
        "playlist_id": "358",
        "date_created": "1981-08-25"
    },
    {
        "user_id": "152",
        "playlist_id": "141",
        "date_created": "2002-02-22"
    },
    {
        "user_id": "16",
        "playlist_id": "122",
        "date_created": "1992-04-03"
    },
    {
        "user_id": "242",
        "playlist_id": "46",
        "date_created": "2021-11-01"
    },
    {
        "user_id": "203",
        "playlist_id": "53",
        "date_created": "2001-10-05"
    },
    {
        "user_id": "495",
        "playlist_id": "124",
        "date_created": "2013-09-09"
    },
    {
        "user_id": "429",
        "playlist_id": "104",
        "date_created": "1978-10-06"
    },
    {
        "user_id": "188",
        "playlist_id": "6",
        "date_created": "1978-03-14"
    },
    {
        "user_id": "6",
        "playlist_id": "25",
        "date_created": "1992-11-30"
    },
    {
        "user_id": "246",
        "playlist_id": "414",
        "date_created": "2018-04-16"
    },
    {
        "user_id": "442",
        "playlist_id": "357",
        "date_created": "1973-06-28"
    },
    {
        "user_id": "337",
        "playlist_id": "167",
        "date_created": "2007-11-17"
    },
    {
        "user_id": "11",
        "playlist_id": "284",
        "date_created": "1993-10-16"
    },
    {
        "user_id": "41",
        "playlist_id": "251",
        "date_created": "1971-07-22"
    },
    {
        "user_id": "102",
        "playlist_id": "493",
        "date_created": "1987-05-09"
    },
    {
        "user_id": "183",
        "playlist_id": "162",
        "date_created": "2012-01-13"
    },
    {
        "user_id": "10",
        "playlist_id": "209",
        "date_created": "1994-04-09"
    },
    {
        "user_id": "219",
        "playlist_id": "181",
        "date_created": "1982-06-18"
    },
    {
        "user_id": "223",
        "playlist_id": "334",
        "date_created": "1994-07-29"
    },
    {
        "user_id": "80",
        "playlist_id": "219",
        "date_created": "1977-07-06"
    },
    {
        "user_id": "480",
        "playlist_id": "339",
        "date_created": "1999-05-06"
    },
    {
        "user_id": "463",
        "playlist_id": "104",
        "date_created": "2010-12-19"
    },
    {
        "user_id": "311",
        "playlist_id": "369",
        "date_created": "2007-03-04"
    },
    {
        "user_id": "474",
        "playlist_id": "226",
        "date_created": "1992-03-10"
    },
    {
        "user_id": "53",
        "playlist_id": "452",
        "date_created": "1973-01-27"
    },
    {
        "user_id": "404",
        "playlist_id": "452",
        "date_created": "1993-04-13"
    },
    {
        "user_id": "145",
        "playlist_id": "406",
        "date_created": "1988-11-05"
    },
    {
        "user_id": "26",
        "playlist_id": "186",
        "date_created": "2012-03-31"
    },
    {
        "user_id": "408",
        "playlist_id": "497",
        "date_created": "2006-06-05"
    },
    {
        "user_id": "233",
        "playlist_id": "121",
        "date_created": "2001-08-29"
    },
    {
        "user_id": "430",
        "playlist_id": "295",
        "date_created": "1988-08-28"
    },
    {
        "user_id": "337",
        "playlist_id": "414",
        "date_created": "1998-03-30"
    },
    {
        "user_id": "167",
        "playlist_id": "312",
        "date_created": "1990-01-19"
    },
    {
        "user_id": "9",
        "playlist_id": "233",
        "date_created": "2000-07-14"
    },
    {
        "user_id": "243",
        "playlist_id": "174",
        "date_created": "1988-03-06"
    },
    {
        "user_id": "100",
        "playlist_id": "186",
        "date_created": "2010-12-09"
    },
    {
        "user_id": "269",
        "playlist_id": "479",
        "date_created": "1987-03-20"
    },
    {
        "user_id": "350",
        "playlist_id": "136",
        "date_created": "1995-11-28"
    },
    {
        "user_id": "263",
        "playlist_id": "177",
        "date_created": "1975-07-20"
    },
    {
        "user_id": "191",
        "playlist_id": "195",
        "date_created": "2005-08-31"
    },
    {
        "user_id": "4",
        "playlist_id": "21",
        "date_created": "1978-01-11"
    },
    {
        "user_id": "125",
        "playlist_id": "189",
        "date_created": "2016-12-21"
    },
    {
        "user_id": "145",
        "playlist_id": "109",
        "date_created": "1974-01-09"
    },
    {
        "user_id": "400",
        "playlist_id": "338",
        "date_created": "1993-01-02"
    },
    {
        "user_id": "176",
        "playlist_id": "447",
        "date_created": "1983-11-29"
    },
    {
        "user_id": "111",
        "playlist_id": "312",
        "date_created": "2000-06-01"
    },
    {
        "user_id": "175",
        "playlist_id": "151",
        "date_created": "1970-07-11"
    },
    {
        "user_id": "66",
        "playlist_id": "473",
        "date_created": "1972-04-04"
    },
    {
        "user_id": "424",
        "playlist_id": "136",
        "date_created": "1994-04-24"
    },
    {
        "user_id": "62",
        "playlist_id": "2",
        "date_created": "2016-09-06"
    },
    {
        "user_id": "52",
        "playlist_id": "109",
        "date_created": "2010-08-05"
    },
    {
        "user_id": "115",
        "playlist_id": "25",
        "date_created": "1972-10-22"
    },
    {
        "user_id": "417",
        "playlist_id": "479",
        "date_created": "1996-06-30"
    },
    {
        "user_id": "74",
        "playlist_id": "424",
        "date_created": "2020-08-07"
    },
    {
        "user_id": "68",
        "playlist_id": "453",
        "date_created": "1974-07-05"
    },
    {
        "user_id": "73",
        "playlist_id": "168",
        "date_created": "2012-05-20"
    },
    {
        "user_id": "495",
        "playlist_id": "499",
        "date_created": "1983-03-23"
    },
    {
        "user_id": "439",
        "playlist_id": "22",
        "date_created": "2015-11-01"
    },
    {
        "user_id": "97",
        "playlist_id": "388",
        "date_created": "2011-01-01"
    },
    {
        "user_id": "364",
        "playlist_id": "271",
        "date_created": "1976-07-28"
    },
    {
        "user_id": "421",
        "playlist_id": "252",
        "date_created": "2006-05-27"
    },
    {
        "user_id": "378",
        "playlist_id": "111",
        "date_created": "2022-07-21"
    },
    {
        "user_id": "384",
        "playlist_id": "144",
        "date_created": "1994-10-08"
    },
    {
        "user_id": "304",
        "playlist_id": "240",
        "date_created": "2019-06-29"
    },
    {
        "user_id": "471",
        "playlist_id": "450",
        "date_created": "1986-11-18"
    },
    {
        "user_id": "434",
        "playlist_id": "304",
        "date_created": "1996-10-08"
    },
    {
        "user_id": "231",
        "playlist_id": "14",
        "date_created": "1980-10-23"
    },
    {
        "user_id": "175",
        "playlist_id": "219",
        "date_created": "2013-07-20"
    },
    {
        "user_id": "19",
        "playlist_id": "279",
        "date_created": "1981-12-10"
    },
    {
        "user_id": "403",
        "playlist_id": "95",
        "date_created": "1996-08-14"
    },
    {
        "user_id": "135",
        "playlist_id": "493",
        "date_created": "2002-04-10"
    },
    {
        "user_id": "18",
        "playlist_id": "254",
        "date_created": "1986-01-12"
    },
    {
        "user_id": "334",
        "playlist_id": "349",
        "date_created": "2017-08-23"
    },
    {
        "user_id": "11",
        "playlist_id": "97",
        "date_created": "2016-03-08"
    },
    {
        "user_id": "276",
        "playlist_id": "381",
        "date_created": "1970-12-06"
    },
    {
        "user_id": "161",
        "playlist_id": "384",
        "date_created": "2023-09-22"
    },
    {
        "user_id": "307",
        "playlist_id": "425",
        "date_created": "2021-11-08"
    },
    {
        "user_id": "444",
        "playlist_id": "279",
        "date_created": "1989-07-13"
    },
    {
        "user_id": "151",
        "playlist_id": "438",
        "date_created": "2003-06-04"
    },
    {
        "user_id": "360",
        "playlist_id": "331",
        "date_created": "2018-08-27"
    },
    {
        "user_id": "391",
        "playlist_id": "201",
        "date_created": "1991-01-02"
    },
    {
        "user_id": "272",
        "playlist_id": "159",
        "date_created": "1989-03-26"
    },
    {
        "user_id": "158",
        "playlist_id": "288",
        "date_created": "1994-04-29"
    },
    {
        "user_id": "383",
        "playlist_id": "290",
        "date_created": "1986-09-21"
    },
    {
        "user_id": "285",
        "playlist_id": "10",
        "date_created": "2023-06-09"
    },
    {
        "user_id": "164",
        "playlist_id": "258",
        "date_created": "2006-09-30"
    },
    {
        "user_id": "113",
        "playlist_id": "186",
        "date_created": "1995-07-18"
    },
    {
        "user_id": "62",
        "playlist_id": "193",
        "date_created": "1973-09-13"
    },
    {
        "user_id": "479",
        "playlist_id": "269",
        "date_created": "1987-05-15"
    },
    {
        "user_id": "418",
        "playlist_id": "467",
        "date_created": "2019-07-24"
    },
    {
        "user_id": "256",
        "playlist_id": "124",
        "date_created": "2010-04-05"
    },
    {
        "user_id": "154",
        "playlist_id": "432",
        "date_created": "1975-10-07"
    },
    {
        "user_id": "290",
        "playlist_id": "43",
        "date_created": "1994-11-27"
    },
    {
        "user_id": "314",
        "playlist_id": "183",
        "date_created": "1970-07-22"
    },
    {
        "user_id": "322",
        "playlist_id": "370",
        "date_created": "2002-08-25"
    },
    {
        "user_id": "422",
        "playlist_id": "247",
        "date_created": "2021-01-01"
    },
    {
        "user_id": "4",
        "playlist_id": "119",
        "date_created": "1994-01-27"
    },
    {
        "user_id": "24",
        "playlist_id": "279",
        "date_created": "1991-08-26"
    },
    {
        "user_id": "345",
        "playlist_id": "464",
        "date_created": "1995-11-01"
    },
    {
        "user_id": "355",
        "playlist_id": "299",
        "date_created": "1999-08-08"
    },
    {
        "user_id": "461",
        "playlist_id": "292",
        "date_created": "1977-10-22"
    },
    {
        "user_id": "82",
        "playlist_id": "95",
        "date_created": "1986-02-08"
    },
    {
        "user_id": "278",
        "playlist_id": "259",
        "date_created": "2022-12-30"
    },
    {
        "user_id": "102",
        "playlist_id": "380",
        "date_created": "1983-02-23"
    },
    {
        "user_id": "377",
        "playlist_id": "490",
        "date_created": "1972-08-15"
    },
    {
        "user_id": "370",
        "playlist_id": "334",
        "date_created": "2002-11-15"
    },
    {
        "user_id": "146",
        "playlist_id": "83",
        "date_created": "1975-11-24"
    },
    {
        "user_id": "419",
        "playlist_id": "160",
        "date_created": "2021-12-01"
    },
    {
        "user_id": "57",
        "playlist_id": "104",
        "date_created": "1978-06-05"
    },
    {
        "user_id": "159",
        "playlist_id": "458",
        "date_created": "1998-05-18"
    },
    {
        "user_id": "56",
        "playlist_id": "307",
        "date_created": "1984-12-27"
    },
    {
        "user_id": "78",
        "playlist_id": "383",
        "date_created": "1979-11-03"
    },
    {
        "user_id": "135",
        "playlist_id": "111",
        "date_created": "1970-04-14"
    },
    {
        "user_id": "496",
        "playlist_id": "28",
        "date_created": "1994-01-03"
    },
    {
        "user_id": "284",
        "playlist_id": "432",
        "date_created": "1995-04-18"
    },
    {
        "user_id": "89",
        "playlist_id": "481",
        "date_created": "1976-08-29"
    },
    {
        "user_id": "383",
        "playlist_id": "350",
        "date_created": "1998-07-03"
    },
    {
        "user_id": "156",
        "playlist_id": "488",
        "date_created": "1979-04-22"
    },
    {
        "user_id": "283",
        "playlist_id": "202",
        "date_created": "1983-09-27"
    },
    {
        "user_id": "122",
        "playlist_id": "82",
        "date_created": "2020-11-27"
    },
    {
        "user_id": "312",
        "playlist_id": "233",
        "date_created": "2019-02-10"
    },
    {
        "user_id": "323",
        "playlist_id": "21",
        "date_created": "1972-02-12"
    },
    {
        "user_id": "365",
        "playlist_id": "290",
        "date_created": "1971-05-26"
    },
    {
        "user_id": "319",
        "playlist_id": "230",
        "date_created": "1988-12-09"
    },
    {
        "user_id": "218",
        "playlist_id": "169",
        "date_created": "2022-09-11"
    },
    {
        "user_id": "490",
        "playlist_id": "262",
        "date_created": "1987-08-12"
    },
    {
        "user_id": "74",
        "playlist_id": "447",
        "date_created": "2002-04-29"
    },
    {
        "user_id": "173",
        "playlist_id": "457",
        "date_created": "1973-06-27"
    },
    {
        "user_id": "314",
        "playlist_id": "353",
        "date_created": "2016-01-08"
    },
    {
        "user_id": "412",
        "playlist_id": "209",
        "date_created": "1977-07-27"
    },
    {
        "user_id": "476",
        "playlist_id": "167",
        "date_created": "1996-09-24"
    },
    {
        "user_id": "27",
        "playlist_id": "412",
        "date_created": "1976-06-02"
    },
    {
        "user_id": "130",
        "playlist_id": "70",
        "date_created": "1995-06-10"
    },
    {
        "user_id": "320",
        "playlist_id": "15",
        "date_created": "2008-08-24"
    },
    {
        "user_id": "194",
        "playlist_id": "239",
        "date_created": "2001-02-24"
    },
    {
        "user_id": "405",
        "playlist_id": "406",
        "date_created": "2015-08-12"
    },
    {
        "user_id": "50",
        "playlist_id": "409",
        "date_created": "2006-06-11"
    },
    {
        "user_id": "272",
        "playlist_id": "478",
        "date_created": "2008-10-18"
    },
    {
        "user_id": "476",
        "playlist_id": "138",
        "date_created": "2016-12-19"
    },
    {
        "user_id": "272",
        "playlist_id": "380",
        "date_created": "1995-02-08"
    },
    {
        "user_id": "420",
        "playlist_id": "430",
        "date_created": "2009-07-17"
    },
    {
        "user_id": "481",
        "playlist_id": "410",
        "date_created": "1986-08-08"
    },
    {
        "user_id": "40",
        "playlist_id": "452",
        "date_created": "1977-07-02"
    },
    {
        "user_id": "201",
        "playlist_id": "449",
        "date_created": "1984-04-15"
    },
    {
        "user_id": "33",
        "playlist_id": "255",
        "date_created": "2005-11-22"
    },
    {
        "user_id": "411",
        "playlist_id": "321",
        "date_created": "1972-01-27"
    },
    {
        "user_id": "117",
        "playlist_id": "340",
        "date_created": "1975-10-08"
    },
    {
        "user_id": "36",
        "playlist_id": "415",
        "date_created": "1995-04-01"
    },
    {
        "user_id": "20",
        "playlist_id": "379",
        "date_created": "2006-08-20"
    },
    {
        "user_id": "349",
        "playlist_id": "64",
        "date_created": "2003-09-18"
    },
    {
        "user_id": "100",
        "playlist_id": "278",
        "date_created": "2013-08-29"
    },
    {
        "user_id": "87",
        "playlist_id": "208",
        "date_created": "2016-08-05"
    },
    {
        "user_id": "263",
        "playlist_id": "240",
        "date_created": "2000-10-01"
    },
    {
        "user_id": "163",
        "playlist_id": "243",
        "date_created": "2009-12-27"
    },
    {
        "user_id": "301",
        "playlist_id": "72",
        "date_created": "1990-05-27"
    },
    {
        "user_id": "402",
        "playlist_id": "378",
        "date_created": "2019-01-21"
    },
    {
        "user_id": "178",
        "playlist_id": "158",
        "date_created": "2021-10-25"
    },
    {
        "user_id": "75",
        "playlist_id": "260",
        "date_created": "1988-09-15"
    },
    {
        "user_id": "338",
        "playlist_id": "106",
        "date_created": "1972-04-22"
    },
    {
        "user_id": "491",
        "playlist_id": "349",
        "date_created": "2012-09-10"
    },
    {
        "user_id": "411",
        "playlist_id": "97",
        "date_created": "2007-02-27"
    },
    {
        "user_id": "375",
        "playlist_id": "427",
        "date_created": "2013-12-04"
    },
    {
        "user_id": "28",
        "playlist_id": "268",
        "date_created": "2018-03-19"
    },
    {
        "user_id": "39",
        "playlist_id": "271",
        "date_created": "2002-01-22"
    },
    {
        "user_id": "343",
        "playlist_id": "458",
        "date_created": "2007-02-05"
    },
    {
        "user_id": "77",
        "playlist_id": "225",
        "date_created": "1974-09-03"
    },
    {
        "user_id": "385",
        "playlist_id": "200",
        "date_created": "2015-01-09"
    },
    {
        "user_id": "389",
        "playlist_id": "211",
        "date_created": "1998-08-05"
    },
    {
        "user_id": "27",
        "playlist_id": "100",
        "date_created": "2000-05-10"
    },
    {
        "user_id": "368",
        "playlist_id": "126",
        "date_created": "2013-09-11"
    },
    {
        "user_id": "134",
        "playlist_id": "412",
        "date_created": "2023-06-08"
    },
    {
        "user_id": "281",
        "playlist_id": "387",
        "date_created": "1970-08-30"
    },
    {
        "user_id": "405",
        "playlist_id": "459",
        "date_created": "2023-12-27"
    },
    {
        "user_id": "326",
        "playlist_id": "440",
        "date_created": "1993-08-10"
    },
    {
        "user_id": "245",
        "playlist_id": "485",
        "date_created": "2016-08-26"
    },
    {
        "user_id": "208",
        "playlist_id": "297",
        "date_created": "2023-10-06"
    },
    {
        "user_id": "224",
        "playlist_id": "79",
        "date_created": "2012-08-23"
    },
    {
        "user_id": "166",
        "playlist_id": "472",
        "date_created": "2017-02-13"
    },
    {
        "user_id": "472",
        "playlist_id": "114",
        "date_created": "2017-02-03"
    },
    {
        "user_id": "168",
        "playlist_id": "246",
        "date_created": "2022-05-28"
    },
    {
        "user_id": "327",
        "playlist_id": "254",
        "date_created": "1970-08-01"
    },
    {
        "user_id": "251",
        "playlist_id": "18",
        "date_created": "2001-09-18"
    },
    {
        "user_id": "403",
        "playlist_id": "190",
        "date_created": "2003-05-28"
    },
    {
        "user_id": "232",
        "playlist_id": "75",
        "date_created": "2001-08-09"
    },
    {
        "user_id": "148",
        "playlist_id": "230",
        "date_created": "1999-04-10"
    },
    {
        "user_id": "193",
        "playlist_id": "494",
        "date_created": "2002-11-06"
    },
    {
        "user_id": "479",
        "playlist_id": "456",
        "date_created": "2003-12-01"
    },
    {
        "user_id": "273",
        "playlist_id": "108",
        "date_created": "2021-10-31"
    },
    {
        "user_id": "378",
        "playlist_id": "1",
        "date_created": "2011-11-13"
    },
    {
        "user_id": "321",
        "playlist_id": "217",
        "date_created": "1985-04-20"
    },
    {
        "user_id": "153",
        "playlist_id": "62",
        "date_created": "2003-04-15"
    },
    {
        "user_id": "330",
        "playlist_id": "299",
        "date_created": "2007-04-09"
    },
    {
        "user_id": "277",
        "playlist_id": "256",
        "date_created": "2012-08-09"
    },
    {
        "user_id": "304",
        "playlist_id": "73",
        "date_created": "2024-03-06"
    },
    {
        "user_id": "417",
        "playlist_id": "210",
        "date_created": "1984-12-12"
    },
    {
        "user_id": "328",
        "playlist_id": "437",
        "date_created": "2015-10-01"
    },
    {
        "user_id": "348",
        "playlist_id": "63",
        "date_created": "1997-07-14"
    },
    {
        "user_id": "274",
        "playlist_id": "364",
        "date_created": "1972-05-08"
    },
    {
        "user_id": "63",
        "playlist_id": "444",
        "date_created": "1976-10-16"
    },
    {
        "user_id": "69",
        "playlist_id": "421",
        "date_created": "2006-12-29"
    },
    {
        "user_id": "309",
        "playlist_id": "497",
        "date_created": "1996-01-30"
    },
    {
        "user_id": "196",
        "playlist_id": "87",
        "date_created": "1999-02-03"
    },
    {
        "user_id": "98",
        "playlist_id": "138",
        "date_created": "1983-06-15"
    },
    {
        "user_id": "110",
        "playlist_id": "55",
        "date_created": "2016-02-04"
    },
    {
        "user_id": "439",
        "playlist_id": "345",
        "date_created": "2008-07-09"
    },
    {
        "user_id": "497",
        "playlist_id": "125",
        "date_created": "2018-11-09"
    },
    {
        "user_id": "271",
        "playlist_id": "375",
        "date_created": "1995-10-21"
    },
    {
        "user_id": "417",
        "playlist_id": "195",
        "date_created": "1973-01-07"
    },
    {
        "user_id": "316",
        "playlist_id": "343",
        "date_created": "2006-08-19"
    },
    {
        "user_id": "177",
        "playlist_id": "1",
        "date_created": "1976-04-26"
    },
    {
        "user_id": "273",
        "playlist_id": "201",
        "date_created": "1997-02-22"
    },
    {
        "user_id": "458",
        "playlist_id": "41",
        "date_created": "2007-10-14"
    },
    {
        "user_id": "492",
        "playlist_id": "142",
        "date_created": "1989-05-04"
    },
    {
        "user_id": "384",
        "playlist_id": "406",
        "date_created": "1994-11-25"
    },
    {
        "user_id": "400",
        "playlist_id": "447",
        "date_created": "1975-10-18"
    },
    {
        "user_id": "481",
        "playlist_id": "428",
        "date_created": "1972-04-08"
    },
    {
        "user_id": "341",
        "playlist_id": "374",
        "date_created": "2012-10-02"
    },
    {
        "user_id": "304",
        "playlist_id": "61",
        "date_created": "2021-01-16"
    },
    {
        "user_id": "107",
        "playlist_id": "497",
        "date_created": "2008-04-28"
    },
    {
        "user_id": "191",
        "playlist_id": "4",
        "date_created": "2016-03-21"
    },
    {
        "user_id": "39",
        "playlist_id": "129",
        "date_created": "2022-10-18"
    },
    {
        "user_id": "423",
        "playlist_id": "61",
        "date_created": "2015-08-14"
    },
    {
        "user_id": "319",
        "playlist_id": "390",
        "date_created": "1978-01-24"
    },
    {
        "user_id": "109",
        "playlist_id": "160",
        "date_created": "1993-02-22"
    },
    {
        "user_id": "17",
        "playlist_id": "294",
        "date_created": "1998-01-23"
    },
    {
        "user_id": "144",
        "playlist_id": "148",
        "date_created": "1971-01-04"
    },
    {
        "user_id": "182",
        "playlist_id": "311",
        "date_created": "2012-09-13"
    },
    {
        "user_id": "413",
        "playlist_id": "230",
        "date_created": "1977-08-26"
    },
    {
        "user_id": "322",
        "playlist_id": "474",
        "date_created": "1970-03-05"
    },
    {
        "user_id": "421",
        "playlist_id": "288",
        "date_created": "2002-09-24"
    },
    {
        "user_id": "90",
        "playlist_id": "421",
        "date_created": "1984-12-27"
    },
    {
        "user_id": "376",
        "playlist_id": "175",
        "date_created": "1988-05-24"
    },
    {
        "user_id": "476",
        "playlist_id": "283",
        "date_created": "1977-05-10"
    },
    {
        "user_id": "33",
        "playlist_id": "85",
        "date_created": "1970-02-16"
    },
    {
        "user_id": "470",
        "playlist_id": "166",
        "date_created": "1973-12-02"
    },
    {
        "user_id": "86",
        "playlist_id": "429",
        "date_created": "2020-05-03"
    },
    {
        "user_id": "161",
        "playlist_id": "226",
        "date_created": "2003-11-03"
    },
    {
        "user_id": "368",
        "playlist_id": "418",
        "date_created": "2001-11-24"
    },
    {
        "user_id": "497",
        "playlist_id": "405",
        "date_created": "2022-04-14"
    },
    {
        "user_id": "133",
        "playlist_id": "65",
        "date_created": "1996-01-12"
    },
    {
        "user_id": "206",
        "playlist_id": "489",
        "date_created": "2007-12-28"
    },
    {
        "user_id": "86",
        "playlist_id": "465",
        "date_created": "1974-11-14"
    },
    {
        "user_id": "437",
        "playlist_id": "412",
        "date_created": "2022-05-12"
    },
    {
        "user_id": "63",
        "playlist_id": "216",
        "date_created": "1995-12-04"
    },
    {
        "user_id": "190",
        "playlist_id": "33",
        "date_created": "1972-10-27"
    },
    {
        "user_id": "300",
        "playlist_id": "327",
        "date_created": "1970-03-18"
    },
    {
        "user_id": "238",
        "playlist_id": "500",
        "date_created": "1972-10-08"
    },
    {
        "user_id": "31",
        "playlist_id": "372",
        "date_created": "1998-08-31"
    },
    {
        "user_id": "97",
        "playlist_id": "430",
        "date_created": "2024-02-20"
    },
    {
        "user_id": "398",
        "playlist_id": "377",
        "date_created": "2003-02-08"
    },
    {
        "user_id": "438",
        "playlist_id": "341",
        "date_created": "2005-07-05"
    },
    {
        "user_id": "16",
        "playlist_id": "106",
        "date_created": "2014-08-28"
    },
    {
        "user_id": "50",
        "playlist_id": "268",
        "date_created": "2017-12-24"
    },
    {
        "user_id": "41",
        "playlist_id": "375",
        "date_created": "1970-02-18"
    },
    {
        "user_id": "407",
        "playlist_id": "280",
        "date_created": "2018-03-30"
    },
    {
        "user_id": "282",
        "playlist_id": "465",
        "date_created": "1973-07-16"
    },
    {
        "user_id": "125",
        "playlist_id": "76",
        "date_created": "2022-04-20"
    },
    {
        "user_id": "355",
        "playlist_id": "383",
        "date_created": "1995-06-09"
    },
    {
        "user_id": "339",
        "playlist_id": "271",
        "date_created": "2018-05-04"
    },
    {
        "user_id": "418",
        "playlist_id": "291",
        "date_created": "2008-06-22"
    },
    {
        "user_id": "174",
        "playlist_id": "71",
        "date_created": "2019-03-10"
    },
    {
        "user_id": "384",
        "playlist_id": "440",
        "date_created": "2004-11-30"
    },
    {
        "user_id": "133",
        "playlist_id": "235",
        "date_created": "2023-02-03"
    },
    {
        "user_id": "346",
        "playlist_id": "352",
        "date_created": "2007-07-04"
    },
    {
        "user_id": "258",
        "playlist_id": "51",
        "date_created": "1972-08-15"
    },
    {
        "user_id": "126",
        "playlist_id": "48",
        "date_created": "1989-12-01"
    },
    {
        "user_id": "166",
        "playlist_id": "421",
        "date_created": "1989-02-27"
    },
    {
        "user_id": "78",
        "playlist_id": "142",
        "date_created": "1986-11-05"
    },
    {
        "user_id": "123",
        "playlist_id": "110",
        "date_created": "2002-05-20"
    },
    {
        "user_id": "76",
        "playlist_id": "37",
        "date_created": "1970-11-26"
    },
    {
        "user_id": "410",
        "playlist_id": "491",
        "date_created": "1984-08-24"
    },
    {
        "user_id": "192",
        "playlist_id": "412",
        "date_created": "1993-01-31"
    },
    {
        "user_id": "329",
        "playlist_id": "159",
        "date_created": "1983-04-24"
    },
    {
        "user_id": "298",
        "playlist_id": "140",
        "date_created": "1991-04-04"
    },
    {
        "user_id": "39",
        "playlist_id": "210",
        "date_created": "2011-05-02"
    },
    {
        "user_id": "186",
        "playlist_id": "469",
        "date_created": "2007-07-12"
    },
    {
        "user_id": "19",
        "playlist_id": "318",
        "date_created": "1971-10-29"
    },
    {
        "user_id": "106",
        "playlist_id": "311",
        "date_created": "1984-08-23"
    },
    {
        "user_id": "211",
        "playlist_id": "398",
        "date_created": "2016-10-17"
    },
    {
        "user_id": "68",
        "playlist_id": "182",
        "date_created": "1982-02-14"
    },
    {
        "user_id": "91",
        "playlist_id": "317",
        "date_created": "1993-08-24"
    },
    {
        "user_id": "171",
        "playlist_id": "321",
        "date_created": "2014-03-17"
    },
    {
        "user_id": "308",
        "playlist_id": "362",
        "date_created": "1983-04-05"
    },
    {
        "user_id": "449",
        "playlist_id": "463",
        "date_created": "1996-12-08"
    },
    {
        "user_id": "83",
        "playlist_id": "241",
        "date_created": "2014-12-22"
    },
    {
        "user_id": "184",
        "playlist_id": "35",
        "date_created": "1995-04-26"
    },
    {
        "user_id": "487",
        "playlist_id": "211",
        "date_created": "2008-04-06"
    },
    {
        "user_id": "84",
        "playlist_id": "411",
        "date_created": "2009-10-10"
    },
    {
        "user_id": "216",
        "playlist_id": "421",
        "date_created": "2022-05-21"
    },
    {
        "user_id": "232",
        "playlist_id": "393",
        "date_created": "2006-07-20"
    },
    {
        "user_id": "33",
        "playlist_id": "133",
        "date_created": "2003-11-23"
    },
    {
        "user_id": "74",
        "playlist_id": "499",
        "date_created": "2003-04-23"
    },
    {
        "user_id": "204",
        "playlist_id": "445",
        "date_created": "2013-12-16"
    },
    {
        "user_id": "264",
        "playlist_id": "252",
        "date_created": "1991-09-27"
    },
    {
        "user_id": "171",
        "playlist_id": "8",
        "date_created": "2016-01-18"
    },
    {
        "user_id": "7",
        "playlist_id": "451",
        "date_created": "1976-11-27"
    },
    {
        "user_id": "436",
        "playlist_id": "447",
        "date_created": "2013-03-12"
    },
    {
        "user_id": "500",
        "playlist_id": "403",
        "date_created": "1994-08-21"
    },
    {
        "user_id": "184",
        "playlist_id": "399",
        "date_created": "1982-06-07"
    },
    {
        "user_id": "478",
        "playlist_id": "395",
        "date_created": "1990-07-04"
    },
    {
        "user_id": "151",
        "playlist_id": "225",
        "date_created": "1999-11-18"
    },
    {
        "user_id": "296",
        "playlist_id": "446",
        "date_created": "1988-05-28"
    },
    {
        "user_id": "484",
        "playlist_id": "472",
        "date_created": "1991-11-24"
    },
    {
        "user_id": "88",
        "playlist_id": "337",
        "date_created": "2020-09-26"
    },
    {
        "user_id": "186",
        "playlist_id": "217",
        "date_created": "1982-06-04"
    },
    {
        "user_id": "17",
        "playlist_id": "473",
        "date_created": "1997-09-29"
    },
    {
        "user_id": "474",
        "playlist_id": "328",
        "date_created": "2005-06-04"
    },
    {
        "user_id": "425",
        "playlist_id": "333",
        "date_created": "2010-12-15"
    },
    {
        "user_id": "394",
        "playlist_id": "239",
        "date_created": "1984-07-31"
    },
    {
        "user_id": "149",
        "playlist_id": "73",
        "date_created": "1978-04-06"
    },
    {
        "user_id": "17",
        "playlist_id": "326",
        "date_created": "2018-06-08"
    },
    {
        "user_id": "229",
        "playlist_id": "85",
        "date_created": "2013-09-21"
    },
    {
        "user_id": "252",
        "playlist_id": "82",
        "date_created": "2020-02-14"
    },
    {
        "user_id": "36",
        "playlist_id": "267",
        "date_created": "1988-08-04"
    },
    {
        "user_id": "424",
        "playlist_id": "428",
        "date_created": "1985-12-21"
    },
    {
        "user_id": "207",
        "playlist_id": "439",
        "date_created": "1973-06-21"
    },
    {
        "user_id": "376",
        "playlist_id": "302",
        "date_created": "1972-08-10"
    },
    {
        "user_id": "408",
        "playlist_id": "348",
        "date_created": "2014-08-29"
    },
    {
        "user_id": "55",
        "playlist_id": "196",
        "date_created": "2021-07-01"
    },
    {
        "user_id": "250",
        "playlist_id": "64",
        "date_created": "1992-02-19"
    },
    {
        "user_id": "30",
        "playlist_id": "483",
        "date_created": "1994-05-18"
    },
    {
        "user_id": "261",
        "playlist_id": "356",
        "date_created": "1972-05-21"
    },
    {
        "user_id": "390",
        "playlist_id": "51",
        "date_created": "2004-12-31"
    },
    {
        "user_id": "482",
        "playlist_id": "329",
        "date_created": "1994-06-17"
    },
    {
        "user_id": "112",
        "playlist_id": "257",
        "date_created": "2012-02-28"
    },
    {
        "user_id": "476",
        "playlist_id": "420",
        "date_created": "2020-01-25"
    },
    {
        "user_id": "488",
        "playlist_id": "88",
        "date_created": "2021-02-21"
    },
    {
        "user_id": "433",
        "playlist_id": "368",
        "date_created": "1983-09-10"
    },
    {
        "user_id": "265",
        "playlist_id": "10",
        "date_created": "2022-02-04"
    },
    {
        "user_id": "488",
        "playlist_id": "131",
        "date_created": "1995-07-27"
    },
    {
        "user_id": "301",
        "playlist_id": "288",
        "date_created": "2020-07-11"
    },
    {
        "user_id": "401",
        "playlist_id": "256",
        "date_created": "2014-09-13"
    },
    {
        "user_id": "305",
        "playlist_id": "271",
        "date_created": "2021-03-22"
    },
    {
        "user_id": "110",
        "playlist_id": "263",
        "date_created": "1981-12-12"
    },
    {
        "user_id": "381",
        "playlist_id": "107",
        "date_created": "1997-02-08"
    },
    {
        "user_id": "497",
        "playlist_id": "267",
        "date_created": "1987-10-22"
    },
    {
        "user_id": "46",
        "playlist_id": "112",
        "date_created": "2017-08-06"
    },
    {
        "user_id": "254",
        "playlist_id": "488",
        "date_created": "2020-11-17"
    },
    {
        "user_id": "79",
        "playlist_id": "23",
        "date_created": "2021-05-23"
    },
    {
        "user_id": "151",
        "playlist_id": "453",
        "date_created": "1981-01-18"
    },
    {
        "user_id": "227",
        "playlist_id": "500",
        "date_created": "1985-07-16"
    },
    {
        "user_id": "454",
        "playlist_id": "166",
        "date_created": "2002-10-12"
    },
    {
        "user_id": "353",
        "playlist_id": "287",
        "date_created": "2021-12-05"
    },
    {
        "user_id": "318",
        "playlist_id": "96",
        "date_created": "2023-07-16"
    },
    {
        "user_id": "315",
        "playlist_id": "69",
        "date_created": "2009-06-02"
    },
    {
        "user_id": "471",
        "playlist_id": "237",
        "date_created": "2021-02-11"
    },
    {
        "user_id": "389",
        "playlist_id": "230",
        "date_created": "1971-12-16"
    },
    {
        "user_id": "360",
        "playlist_id": "390",
        "date_created": "1974-07-31"
    },
    {
        "user_id": "201",
        "playlist_id": "78",
        "date_created": "2010-07-24"
    },
    {
        "user_id": "101",
        "playlist_id": "94",
        "date_created": "2002-07-07"
    },
    {
        "user_id": "13",
        "playlist_id": "156",
        "date_created": "1987-09-23"
    },
    {
        "user_id": "316",
        "playlist_id": "451",
        "date_created": "2004-12-25"
    },
    {
        "user_id": "411",
        "playlist_id": "483",
        "date_created": "1986-09-10"
    },
    {
        "user_id": "368",
        "playlist_id": "330",
        "date_created": "1987-09-14"
    },
    {
        "user_id": "100",
        "playlist_id": "236",
        "date_created": "1984-07-05"
    },
    {
        "user_id": "275",
        "playlist_id": "431",
        "date_created": "2006-12-25"
    },
    {
        "user_id": "349",
        "playlist_id": "423",
        "date_created": "1982-11-07"
    },
    {
        "user_id": "492",
        "playlist_id": "103",
        "date_created": "1993-06-05"
    },
    {
        "user_id": "9",
        "playlist_id": "403",
        "date_created": "1979-08-13"
    },
    {
        "user_id": "253",
        "playlist_id": "187",
        "date_created": "2007-07-12"
    },
    {
        "user_id": "257",
        "playlist_id": "181",
        "date_created": "1973-12-21"
    },
    {
        "user_id": "294",
        "playlist_id": "442",
        "date_created": "1993-01-12"
    },
    {
        "user_id": "311",
        "playlist_id": "3",
        "date_created": "1978-02-17"
    },
    {
        "user_id": "202",
        "playlist_id": "119",
        "date_created": "2010-11-30"
    },
    {
        "user_id": "207",
        "playlist_id": "32",
        "date_created": "1972-10-15"
    },
    {
        "user_id": "16",
        "playlist_id": "228",
        "date_created": "2013-09-19"
    },
    {
        "user_id": "220",
        "playlist_id": "498",
        "date_created": "2012-10-19"
    },
    {
        "user_id": "193",
        "playlist_id": "155",
        "date_created": "2001-10-08"
    },
    {
        "user_id": "441",
        "playlist_id": "30",
        "date_created": "1995-04-17"
    },
    {
        "user_id": "371",
        "playlist_id": "255",
        "date_created": "2011-11-06"
    },
    {
        "user_id": "29",
        "playlist_id": "86",
        "date_created": "1998-06-12"
    },
    {
        "user_id": "168",
        "playlist_id": "460",
        "date_created": "1973-09-09"
    },
    {
        "user_id": "174",
        "playlist_id": "185",
        "date_created": "1994-08-20"
    },
    {
        "user_id": "338",
        "playlist_id": "442",
        "date_created": "2013-11-10"
    },
    {
        "user_id": "104",
        "playlist_id": "376",
        "date_created": "1977-06-16"
    },
    {
        "user_id": "148",
        "playlist_id": "445",
        "date_created": "1997-10-27"
    },
    {
        "user_id": "244",
        "playlist_id": "211",
        "date_created": "2023-01-07"
    },
    {
        "user_id": "164",
        "playlist_id": "287",
        "date_created": "1998-04-06"
    },
    {
        "user_id": "71",
        "playlist_id": "291",
        "date_created": "1972-06-10"
    },
    {
        "user_id": "401",
        "playlist_id": "480",
        "date_created": "2001-03-28"
    },
    {
        "user_id": "350",
        "playlist_id": "495",
        "date_created": "2023-03-13"
    },
    {
        "user_id": "221",
        "playlist_id": "277",
        "date_created": "1977-12-06"
    },
    {
        "user_id": "54",
        "playlist_id": "117",
        "date_created": "1992-03-06"
    },
    {
        "user_id": "188",
        "playlist_id": "429",
        "date_created": "1994-10-29"
    },
    {
        "user_id": "395",
        "playlist_id": "200",
        "date_created": "2009-12-08"
    },
    {
        "user_id": "429",
        "playlist_id": "469",
        "date_created": "1996-11-29"
    },
    {
        "user_id": "345",
        "playlist_id": "361",
        "date_created": "2016-02-26"
    },
    {
        "user_id": "355",
        "playlist_id": "320",
        "date_created": "1985-10-20"
    },
    {
        "user_id": "164",
        "playlist_id": "376",
        "date_created": "2022-12-25"
    },
    {
        "user_id": "378",
        "playlist_id": "410",
        "date_created": "1976-01-19"
    },
    {
        "user_id": "384",
        "playlist_id": "206",
        "date_created": "1996-04-26"
    },
    {
        "user_id": "443",
        "playlist_id": "312",
        "date_created": "2004-07-26"
    },
    {
        "user_id": "34",
        "playlist_id": "360",
        "date_created": "1972-08-31"
    },
    {
        "user_id": "443",
        "playlist_id": "328",
        "date_created": "2004-07-13"
    },
    {
        "user_id": "63",
        "playlist_id": "400",
        "date_created": "1991-08-20"
    },
    {
        "user_id": "183",
        "playlist_id": "417",
        "date_created": "2001-05-01"
    },
    {
        "user_id": "82",
        "playlist_id": "211",
        "date_created": "2016-07-20"
    },
    {
        "user_id": "49",
        "playlist_id": "430",
        "date_created": "2018-02-03"
    },
    {
        "user_id": "333",
        "playlist_id": "68",
        "date_created": "2004-11-14"
    },
    {
        "user_id": "53",
        "playlist_id": "257",
        "date_created": "1990-08-21"
    },
    {
        "user_id": "395",
        "playlist_id": "225",
        "date_created": "2020-06-11"
    },
    {
        "user_id": "475",
        "playlist_id": "1",
        "date_created": "2020-12-29"
    },
    {
        "user_id": "356",
        "playlist_id": "3",
        "date_created": "1970-05-10"
    },
    {
        "user_id": "490",
        "playlist_id": "390",
        "date_created": "1984-08-21"
    },
    {
        "user_id": "435",
        "playlist_id": "308",
        "date_created": "2012-07-13"
    },
    {
        "user_id": "385",
        "playlist_id": "363",
        "date_created": "1973-11-02"
    },
    {
        "user_id": "236",
        "playlist_id": "108",
        "date_created": "2000-12-10"
    },
    {
        "user_id": "173",
        "playlist_id": "219",
        "date_created": "1991-03-23"
    },
    {
        "user_id": "12",
        "playlist_id": "132",
        "date_created": "1989-06-13"
    },
    {
        "user_id": "391",
        "playlist_id": "469",
        "date_created": "1976-11-28"
    },
    {
        "user_id": "468",
        "playlist_id": "343",
        "date_created": "1975-01-14"
    },
    {
        "user_id": "25",
        "playlist_id": "356",
        "date_created": "2019-07-03"
    },
    {
        "user_id": "132",
        "playlist_id": "370",
        "date_created": "2013-03-16"
    },
    {
        "user_id": "263",
        "playlist_id": "453",
        "date_created": "1991-04-07"
    },
    {
        "user_id": "44",
        "playlist_id": "273",
        "date_created": "1980-07-29"
    },
    {
        "user_id": "457",
        "playlist_id": "258",
        "date_created": "2010-06-09"
    },
    {
        "user_id": "120",
        "playlist_id": "166",
        "date_created": "1995-10-31"
    },
    {
        "user_id": "308",
        "playlist_id": "137",
        "date_created": "1972-04-25"
    },
    {
        "user_id": "336",
        "playlist_id": "350",
        "date_created": "1987-06-13"
    },
    {
        "user_id": "65",
        "playlist_id": "494",
        "date_created": "1982-08-23"
    },
    {
        "user_id": "420",
        "playlist_id": "343",
        "date_created": "2011-02-15"
    },
    {
        "user_id": "499",
        "playlist_id": "73",
        "date_created": "1983-01-10"
    },
    {
        "user_id": "29",
        "playlist_id": "11",
        "date_created": "2015-11-10"
    },
    {
        "user_id": "475",
        "playlist_id": "267",
        "date_created": "1984-07-16"
    },
    {
        "user_id": "95",
        "playlist_id": "161",
        "date_created": "1999-11-19"
    },
    {
        "user_id": "223",
        "playlist_id": "207",
        "date_created": "2017-07-02"
    }
]