 id,title,release,num_song,duration
AL1,Possimus numquam minima.,2015-08-06,5,0:30:00
AL10,Qui molestiae.,1985-06-20,14,1:24:00
AL100,Tempore quia adipisci.,1971-09-21,15,1:30:00
AL101,Maxime similique nisi.,2006-12-17,10,1:00:00
AL102,Quidem quisquam.,2015-10-25,4,0:24:00
AL103,Officia laboriosam natus.,1977-04-04,9,0:54:00
AL104,Rerum quis dolorem.,1980-01-06,14,1:24:00
AL105,Ipsum qui eum.,1986-05-23,15,1:30:00
AL106,Facere non facere.,2005-10-15,15,1:30:00
AL107,Culpa et.,2017-10-16,15,1:30:00
AL108,Doloribus molestiae placeat.,1998-09-13,14,1:24:00
AL109,Ipsam voluptas.,2019-08-15,9,0:54:00
AL11,Quia omnis quisquam.,1986-02-11,2,0:12:00
AL110,Doloribus qui ut.,1996-06-14,5,0:30:00
AL111,Dolor quia quas.,2002-02-28,15,1:30:00
AL112,Occaecati delectus.,1991-09-14,10,1:00:00
AL113,Sint voluptatum ut.,2004-03-06,12,1:12:00
AL114,Accusamus dolorem deleniti.,1997-08-01,4,0:24:00
AL115,Dolor in sit.,2023-01-01,12,1:12:00
AL116,Aut vel occaecati.,1988-08-02,11,1:06:00
AL117,Odio repellendus.,2011-12-11,11,1:06:00
AL118,Nihil illo.,1988-04-19,3,0:18:00
AL119,Quia recusandae.,1995-07-07,6,0:36:00
AL12,Ut temporibus.,1978-07-29,9,0:54:00
AL120,A quia dolorum.,1991-10-31,13,1:18:00
AL121,Ex culpa eligendi.,2013-02-05,8,0:48:00
AL122,Repudiandae sunt rerum.,2023-05-28,15,1:30:00
AL123,Quis voluptatem.,2020-03-11,2,0:12:00
AL124,Iure et et.,2004-01-15,9,0:54:00
AL125,Repellat cum.,1992-01-23,1,0:06:00
AL126,Vel sit.,1983-01-26,12,1:12:00
AL127,Cupiditate eligendi alias.,1986-11-15,15,1:30:00
AL128,Debitis omnis.,2022-06-06,9,0:54:00
AL129,Atque dolorum.,1983-08-12,3,0:18:00
AL13,A nobis quibusdam.,1972-04-06,12,1:12:00
AL130,Voluptatem fugiat.,1985-08-23,15,1:30:00
AL131,Nihil explicabo minima.,1989-04-22,11,1:06:00
AL132,Sit et molestiae.,1989-01-01,14,1:24:00
AL133,Ut nihil.,1991-08-21,9,0:54:00
AL134,Nobis eum.,1974-06-19,16,1:36:00
AL135,Omnis repellat.,2004-10-19,11,1:06:00
AL136,Sapiente aut voluptas.,2020-07-30,10,1:00:00
AL137,Tenetur iure.,2011-11-24,16,1:36:00
AL138,Quas rem.,2008-05-03,13,1:18:00
AL139,Nisi sit ea.,2021-06-05,11,1:06:00
AL14,Exercitationem nisi voluptatem.,2007-07-13,9,0:54:00
AL140,Fuga quia magni.,1997-09-07,7,0:42:00
AL141,In aliquid.,1975-07-17,14,1:24:00
AL142,Sapiente nam dolores.,2017-02-17,7,0:42:00
AL143,Perferendis et reprehenderit.,2003-05-23,14,1:24:00
AL144,Animi voluptate.,1988-11-07,3,0:18:00
AL145,Autem corporis.,2008-08-21,8,0:48:00
AL146,Quidem mollitia quidem.,1974-11-30,10,1:00:00
AL147,Exercitationem eum quod.,2024-01-23,8,0:48:00
AL148,Consectetur commodi.,2009-08-20,6,0:36:00
AL149,Ut non.,2020-04-03,2,0:12:00
AL15,Ut blanditiis mollitia.,1980-04-10,8,0:48:00
AL150,Tenetur exercitationem possimus.,1993-05-21,10,1:00:00
AL151,Voluptatem et.,1988-02-02,16,1:36:00
AL152,Itaque maiores reiciendis.,2023-09-18,1,0:06:00
AL153,Ut mollitia quia.,1993-07-30,7,0:42:00
AL154,Expedita aut.,1978-05-05,10,1:00:00
AL155,Ut delectus.,2005-02-11,14,1:24:00
AL156,Incidunt delectus autem.,1980-04-18,13,1:18:00
AL157,Aut provident.,2021-08-07,3,0:18:00
AL158,Illo ipsam praesentium.,1992-07-14,5,0:30:00
AL159,Qui sit ipsa.,2012-04-16,3,0:18:00
AL16,Error nulla nam.,1974-10-11,13,1:18:00
AL160,Quae nihil.,1977-05-24,13,1:18:00
AL161,Rerum doloremque fugiat.,2006-06-28,5,0:30:00
AL162,Similique saepe.,2001-12-01,8,0:48:00
AL163,Et voluptas et.,2020-02-23,16,1:36:00
AL164,Id incidunt aliquam.,2015-08-18,7,0:42:00
AL165,Consequatur molestiae corrupti.,1995-05-13,1,0:06:00
AL166,Eos est ut.,2003-08-31,10,1:00:00
AL167,Et fugit asperiores.,1983-03-19,14,1:24:00
AL168,Aperiam laudantium.,1972-08-02,7,0:42:00
AL169,Sapiente eaque.,2010-04-18,8,0:48:00
AL17,Nisi animi.,1985-06-28,3,0:18:00
AL170,Magnam numquam aut.,1993-07-12,16,1:36:00
AL171,Animi voluptatum.,1990-06-21,4,0:24:00
AL172,Vitae et.,1992-02-08,6,0:36:00
AL173,Omnis dolor.,1987-11-14,4,0:24:00
AL174,Dicta dignissimos consectetur.,2015-01-26,16,1:36:00
AL175,Repellendus earum sint.,2007-08-24,14,1:24:00
AL176,Ut consequuntur doloribus.,2009-03-18,2,0:12:00
AL177,Ut quisquam.,1986-08-19,8,0:48:00
AL178,Sed tempora molestias.,2003-11-08,1,0:06:00
AL179,Debitis aperiam.,1985-06-27,3,0:18:00
AL18,Quia molestias reprehenderit.,1972-11-14,11,1:06:00
AL180,Impedit perspiciatis.,1973-06-22,15,1:30:00
AL181,Ea eligendi.,2012-03-17,6,0:36:00
AL182,Fugit perferendis qui.,1999-04-25,1,0:06:00
AL183,Soluta modi velit.,2019-03-15,16,1:36:00
AL184,Inventore eligendi.,1980-03-08,11,1:06:00
AL185,Est qui.,2010-10-10,16,1:36:00
AL186,Alias suscipit amet.,2009-03-18,13,1:18:00
AL187,Voluptas eius nihil.,2007-03-01,11,1:06:00
AL188,Sunt reprehenderit.,1989-03-25,7,0:42:00
AL189,Alias vero.,2021-09-06,1,0:06:00
AL19,Est incidunt.,1985-09-15,4,0:24:00
AL190,Voluptates quod veritatis.,1985-03-10,4,0:24:00
AL191,Labore eos cumque.,1997-11-09,3,0:18:00
AL192,Voluptas temporibus.,2023-04-03,12,1:12:00
AL193,Molestiae non.,2006-06-21,12,1:12:00
AL194,Voluptatem non sit.,1991-03-19,1,0:06:00
AL195,Maiores aut.,1971-02-28,7,0:42:00
AL196,Omnis voluptatem.,2014-07-06,3,0:18:00
AL197,Aut consectetur accusamus.,1994-11-11,2,0:12:00
AL198,Quaerat porro aspernatur.,1976-02-28,15,1:30:00
AL199,Non ab placeat.,2015-07-28,4,0:24:00
AL2,Exercitationem fugiat ullam.,1986-04-05,14,1:24:00
AL20,Veniam esse culpa.,1991-11-29,2,0:12:00
AL200,Laudantium corporis consequatur.,1985-02-16,5,0:30:00
AL201,Pariatur at.,1999-08-05,16,1:36:00
AL202,Mollitia dolorum cupiditate.,2016-05-03,5,0:30:00
AL203,Impedit eum.,1980-06-13,5,0:30:00
AL204,Id expedita qui.,1971-03-01,15,1:30:00
AL205,Aliquid corporis et.,2012-05-18,2,0:12:00
AL206,Rerum alias at.,1978-12-05,14,1:24:00
AL207,Amet consequatur sit.,2017-11-26,13,1:18:00
AL208,Molestiae quisquam.,2000-01-28,11,1:06:00
AL209,Cumque delectus.,2019-11-21,5,0:30:00
AL21,Unde sed.,2019-12-04,7,0:42:00
AL210,Aut deserunt debitis.,1992-05-27,10,1:00:00
AL211,Ea est.,1981-08-09,4,0:24:00
AL212,Deleniti enim non.,2021-05-19,16,1:36:00
AL213,Adipisci vel.,1979-05-03,2,0:12:00
AL214,Quo magni sed.,1973-07-04,15,1:30:00
AL215,Quisquam magni.,1990-01-23,10,1:00:00
AL216,Dignissimos et.,1979-04-30,13,1:18:00
AL217,Enim sed.,1984-06-12,9,0:54:00
AL218,Dolore neque eum.,1998-02-09,14,1:24:00
AL219,Sit et.,1987-10-15,2,0:12:00
AL22,Ducimus perferendis in.,1974-06-17,14,1:24:00
AL220,Quia consectetur.,1993-02-05,4,0:24:00
AL221,Odit dignissimos.,1992-12-10,15,1:30:00
AL222,Itaque quidem.,2016-02-10,12,1:12:00
AL223,Sit ut.,1980-10-01,6,0:36:00
AL224,Possimus dolores dolores.,1992-02-19,16,1:36:00
AL225,Voluptate aut.,1997-04-21,11,1:06:00
AL226,Ex consequatur.,1978-07-22,9,0:54:00
AL227,Aliquid et animi.,2010-02-17,13,1:18:00
AL228,Quis dolorem at.,1977-11-10,7,0:42:00
AL229,Deleniti vel magni.,2011-12-13,4,0:24:00
AL23,Quisquam rerum est.,1988-12-13,12,1:12:00
AL230,In et.,2016-06-26,7,0:42:00
AL231,Sed numquam.,2019-02-28,11,1:06:00
AL232,Nesciunt dolores.,2016-07-14,7,0:42:00
AL233,Omnis dolor quidem.,1994-10-05,15,1:30:00
AL234,Quae quis corporis.,2010-12-27,15,1:30:00
AL235,Illum autem.,2018-12-03,10,1:00:00
AL236,Et in.,1988-02-25,14,1:24:00
AL237,Odit unde.,1974-10-15,2,0:12:00
AL238,Est repellat amet.,2011-01-14,7,0:42:00
AL239,Saepe eveniet quos.,2021-01-30,7,0:42:00
AL24,Ea nihil.,2009-01-03,10,1:00:00
AL240,Et illo quo.,1974-01-19,2,0:12:00
AL241,Voluptatem reprehenderit.,1996-06-08,12,1:12:00
AL242,Ut et.,1994-12-13,14,1:24:00
AL243,Est beatae.,1973-07-24,15,1:30:00
AL244,Quia maiores officiis.,2007-04-13,5,0:30:00
AL245,Officia laborum tempora.,2013-06-11,8,0:48:00
AL246,Tenetur et.,2004-09-10,5,0:30:00
AL247,Iure voluptatibus rerum.,2016-06-28,11,1:06:00
AL248,Est enim a.,1998-04-07,15,1:30:00
AL249,Consequatur eos.,1978-10-26,11,1:06:00
AL25,Eaque qui facere.,2021-12-20,9,0:54:00
AL250,Tempora cumque.,1987-11-23,10,1:00:00
AL251,Nesciunt aliquam.,2009-09-11,5,0:30:00
AL252,Officiis maxime sint.,1977-10-12,4,0:24:00
AL253,Fugit fuga iusto.,2010-08-29,11,1:06:00
AL254,Unde ipsa corrupti.,1998-04-25,11,1:06:00
AL255,Quas perspiciatis.,2020-10-28,8,0:48:00
AL256,Numquam expedita.,1971-03-31,11,1:06:00
AL257,Est quis.,1991-06-03,11,1:06:00
AL258,Quaerat id.,1992-02-13,12,1:12:00
AL259,Qui sit et.,1977-12-11,16,1:36:00
AL26,Tempore fugiat.,1984-01-13,1,0:06:00
AL260,Ducimus possimus.,2013-04-04,13,1:18:00
AL261,Inventore similique enim.,1995-12-12,4,0:24:00
AL262,Incidunt voluptates reprehenderit.,1997-02-11,13,1:18:00
AL263,Reiciendis quas error.,2011-10-26,10,1:00:00
AL264,Et maiores.,1974-11-05,14,1:24:00
AL265,Neque officia odit.,1981-10-27,1,0:06:00
AL266,Facilis voluptate sed.,1984-03-26,15,1:30:00
AL267,Nobis cum consequatur.,2009-11-22,7,0:42:00
AL268,Quis consectetur sed.,2002-01-28,8,0:48:00
AL269,Commodi error.,1970-09-30,5,0:30:00
AL27,Omnis et.,2006-07-05,3,0:18:00
AL270,Magnam dolore.,1989-02-14,7,0:42:00
AL271,Eligendi aut.,1992-08-21,6,0:36:00
AL272,Laboriosam omnis.,1972-04-25,13,1:18:00
AL273,Vero repellat consectetur.,2009-09-06,11,1:06:00
AL274,Et asperiores cupiditate.,1976-12-12,5,0:30:00
AL275,Facere eum.,1989-10-04,7,0:42:00
AL276,Ut iste sequi.,2007-05-28,8,0:48:00
AL277,Iusto qui.,1991-12-08,16,1:36:00
AL278,Autem possimus eaque.,1991-11-19,6,0:36:00
AL279,Ullam nam tempora.,1990-03-11,13,1:18:00
AL28,Aut qui.,1998-10-02,4,0:24:00
AL280,Fugiat esse tenetur.,1984-10-06,3,0:18:00
AL281,Veritatis et animi.,2002-12-31,14,1:24:00
AL282,Voluptatibus quisquam perspiciatis.,1997-02-10,12,1:12:00
AL283,Dolore consequatur.,2011-11-08,13,1:18:00
AL284,Veritatis rem officiis.,2009-07-03,7,0:42:00
AL285,Velit ut.,1989-07-17,8,0:48:00
AL286,Non laboriosam rem.,1997-05-14,1,0:06:00
AL287,Quisquam odio in.,1975-01-10,11,1:06:00
AL288,Tempore natus.,2023-03-04,5,0:30:00
AL289,Exercitationem hic dolorum.,2010-06-12,11,1:06:00
AL29,Non sed maiores.,1985-08-15,3,0:18:00
AL290,Exercitationem culpa vel.,1973-10-30,4,0:24:00
AL291,Necessitatibus magni.,1985-08-06,7,0:42:00
AL292,Voluptatem qui.,1994-10-25,4,0:24:00
AL293,Modi qui aut.,1993-02-12,11,1:06:00
AL294,Error aut.,2023-07-08,16,1:36:00
AL295,Recusandae qui qui.,2019-08-08,10,1:00:00
AL296,Maxime veritatis eos.,2006-09-15,8,0:48:00
AL297,Quis consequatur.,2012-09-01,11,1:06:00
AL298,Eos placeat.,2009-12-24,7,0:42:00
AL299,Suscipit et.,2023-03-23,4,0:24:00
AL3,Voluptas non veritatis.,1990-04-28,4,0:24:00
AL30,Et cupiditate et.,2023-11-13,2,0:12:00
AL300,Optio porro quaerat.,2017-05-26,3,0:18:00
AL301,Est repellat.,2005-03-17,16,1:36:00
AL302,Aut cupiditate.,2006-01-04,14,1:24:00
AL303,Sunt ea eum.,2013-11-02,5,0:30:00
AL304,Voluptas molestias.,1983-11-05,8,0:48:00
AL305,Enim eum.,1988-06-05,6,0:36:00
AL306,Dolore delectus.,2011-02-15,15,1:30:00
AL307,Eaque dolore voluptatem.,1998-05-03,9,0:54:00
AL308,Aliquid ducimus voluptatem.,1985-11-15,3,0:18:00
AL309,Sequi consequuntur.,1999-02-19,3,0:18:00
AL31,Molestiae voluptatem.,2002-05-28,15,1:30:00
AL310,Hic sed.,2005-09-15,9,0:54:00
AL311,Nihil atque reiciendis.,2015-04-19,3,0:18:00
AL312,Non eum.,2023-05-06,7,0:42:00
AL313,Libero sit molestias.,1978-06-29,4,0:24:00
AL314,Neque ut sit.,2014-08-21,5,0:30:00
AL315,Vel aut sed.,2021-07-30,2,0:12:00
AL316,Suscipit qui alias.,2013-07-25,12,1:12:00
AL317,Veritatis neque.,1978-03-04,10,1:00:00
AL318,Sit repellat dolor.,1984-04-20,15,1:30:00
AL319,Ducimus beatae.,1992-10-23,6,0:36:00
AL32,Ut odio ipsa.,1982-02-09,11,1:06:00
AL320,Omnis exercitationem.,2011-03-06,13,1:18:00
AL321,Cum omnis magnam.,1990-05-03,11,1:06:00
AL322,Exercitationem dicta.,1977-02-08,10,1:00:00
AL323,Explicabo exercitationem.,1970-07-30,7,0:42:00
AL324,Qui et distinctio.,1986-05-23,6,0:36:00
AL325,Eos neque ut.,2023-06-06,14,1:24:00
AL326,Et sed corrupti.,2019-08-24,10,1:00:00
AL327,Beatae enim.,1997-01-01,8,0:48:00
AL328,In qui.,2006-10-29,10,1:00:00
AL329,Harum commodi.,1973-10-27,11,1:06:00
AL33,Corrupti qui distinctio.,1978-08-30,14,1:24:00
AL330,Vero dolores natus.,1981-09-08,12,1:12:00
AL331,Sint cumque.,1983-10-01,11,1:06:00
AL332,Laudantium sed.,1982-10-22,7,0:42:00
AL333,Inventore nulla et.,1982-11-08,12,1:12:00
AL334,Quas dolorem.,2010-05-06,9,0:54:00
AL335,Laborum cum molestias.,1976-04-02,2,0:12:00
AL336,Eos rerum perferendis.,1999-01-03,5,0:30:00
AL337,Commodi mollitia.,1978-11-07,11,1:06:00
AL338,Voluptas dolores.,2018-01-01,16,1:36:00
AL339,Accusamus earum placeat.,2022-09-13,13,1:18:00
AL34,Omnis harum nihil.,2014-03-23,1,0:06:00
AL340,Cupiditate sequi.,2018-01-01,3,0:18:00
AL341,Deleniti quia id.,2008-11-30,2,0:12:00
AL342,Inventore quas.,2017-10-14,14,1:24:00
AL343,Assumenda voluptas ducimus.,2004-01-31,12,1:12:00
AL344,Ratione eaque.,2016-05-26,2,0:12:00
AL345,Praesentium quia voluptas.,2014-02-11,1,0:06:00
AL346,Fugit ducimus cumque.,2008-09-29,9,0:54:00
AL347,Quis facilis.,1994-11-20,12,1:12:00
AL348,Eligendi officia quo.,1973-02-24,14,1:24:00
AL349,Amet nisi magnam.,2014-04-30,4,0:24:00
AL35,Facere rerum ex.,2010-09-23,12,1:12:00
AL350,Nulla cupiditate placeat.,1984-06-19,5,0:30:00
AL351,Animi pariatur.,2008-03-04,6,0:36:00
AL352,At architecto.,2012-12-07,14,1:24:00
AL353,Iusto saepe ut.,2022-05-22,1,0:06:00
AL354,Similique consequuntur.,2023-09-17,3,0:18:00
AL355,Nam fugit aut.,1986-05-12,7,0:42:00
AL356,Error officia.,2003-03-31,7,0:42:00
AL357,Quas voluptatem expedita.,2009-05-20,9,0:54:00
AL358,Qui culpa.,1988-03-01,1,0:06:00
AL359,Quis ducimus.,2014-05-30,16,1:36:00
AL36,Pariatur aut.,1983-07-27,13,1:18:00
AL360,At totam.,1989-03-14,12,1:12:00
AL361,Et quo.,1979-08-13,2,0:12:00
AL362,Natus cupiditate inventore.,2012-08-03,4,0:24:00
AL363,Dolores possimus velit.,2016-10-30,8,0:48:00
AL364,Laborum deleniti.,1986-02-17,1,0:06:00
AL365,Esse sint.,2005-12-10,6,0:36:00
AL366,Saepe accusamus et.,1984-05-17,3,0:18:00
AL367,Eum atque numquam.,2011-08-27,1,0:06:00
AL368,Dolorem consequuntur.,2018-04-17,2,0:12:00
AL369,Et laborum.,1999-07-08,2,0:12:00
AL37,Iusto eaque accusamus.,2012-05-24,7,0:42:00
AL370,Exercitationem accusamus.,1996-01-25,2,0:12:00
AL371,Necessitatibus iure et.,1976-03-07,3,0:18:00
AL372,Distinctio alias ducimus.,2018-08-31,13,1:18:00
AL373,Consequatur dolorem amet.,1987-02-12,4,0:24:00
AL374,Nobis qui.,1999-04-22,12,1:12:00
AL375,Fugiat laborum voluptatem.,1984-07-24,1,0:06:00
AL376,Dolorum asperiores.,1991-03-16,15,1:30:00
AL377,Quas totam veniam.,1986-06-26,10,1:00:00
AL378,Magni et laborum.,2018-01-08,9,0:54:00
AL379,Vitae recusandae cumque.,1971-10-28,2,0:12:00
AL38,Sit perspiciatis.,1971-09-30,9,0:54:00
AL380,Ea voluptas ipsum.,1971-08-05,4,0:24:00
AL381,Odio dolores sint.,2020-11-04,9,0:54:00
AL382,Dolor iusto.,1974-01-31,5,0:30:00
AL383,Sit impedit.,1989-10-24,11,1:06:00
AL384,Et distinctio.,1993-08-17,14,1:24:00
AL385,Inventore officia aperiam.,1998-06-11,4,0:24:00
AL386,Corrupti sequi voluptatem.,2017-02-08,13,1:18:00
AL387,At perspiciatis cum.,1978-05-29,12,1:12:00
AL388,Assumenda aut.,1984-05-06,2,0:12:00
AL389,Aperiam commodi.,1988-12-09,10,1:00:00
AL39,Distinctio non porro.,1989-02-17,6,0:36:00
AL390,At necessitatibus est.,1985-01-02,3,0:18:00
AL391,Ut non ad.,1996-11-29,15,1:30:00
AL392,Corporis beatae eaque.,1973-12-23,16,1:36:00
AL393,Facere quas ut.,2001-06-04,7,0:42:00
AL394,Odio id autem.,2008-05-18,14,1:24:00
AL395,Eaque autem quis.,2019-12-13,6,0:36:00
AL396,Accusamus qui.,2002-09-06,10,1:00:00
AL397,Modi et mollitia.,1992-12-25,10,1:00:00
AL398,Vel architecto.,2012-07-07,6,0:36:00
AL399,Autem possimus.,1979-01-25,4,0:24:00
AL4,Sed ea.,2004-02-22,10,1:00:00
AL40,Adipisci laboriosam ipsa.,1970-12-24,15,1:30:00
AL400,Hic quasi.,2011-07-04,6,0:36:00
AL401,Molestiae nam.,1992-07-21,2,0:12:00
AL402,Reiciendis eaque corporis.,1984-07-10,5,0:30:00
AL403,Repellendus possimus dolore.,1982-05-24,14,1:24:00
AL404,Excepturi voluptate.,1970-05-17,2,0:12:00
AL405,Non saepe.,1998-06-30,9,0:54:00
AL406,Totam ratione.,1973-11-22,5,0:30:00
AL407,Minima quo dolore.,2023-07-27,9,0:54:00
AL408,Enim quo.,1996-09-22,2,0:12:00
AL409,Qui reiciendis molestias.,1985-12-23,1,0:06:00
AL41,Possimus eveniet quos.,1977-05-21,2,0:12:00
AL410,Sint quis.,2010-04-01,9,0:54:00
AL411,Et rerum natus.,1992-02-18,13,1:18:00
AL412,Facilis ab.,1990-06-02,7,0:42:00
AL413,Repellendus voluptates.,1970-12-08,4,0:24:00
AL414,Est nostrum tempore.,2020-07-03,12,1:12:00
AL415,Voluptas magni esse.,1992-03-20,10,1:00:00
AL416,Provident ipsum autem.,1995-12-11,2,0:12:00
AL417,Id voluptatibus.,1986-01-05,4,0:24:00
AL418,Quia corrupti facere.,2022-11-23,1,0:06:00
AL419,Doloribus officiis aut.,2015-03-10,1,0:06:00
AL42,Amet veritatis.,1971-12-27,10,1:00:00
AL420,Natus et id.,1988-11-06,14,1:24:00
AL421,Minima consequatur nostrum.,1992-03-10,4,0:24:00
AL422,Ipsa soluta error.,1974-10-13,8,0:48:00
AL423,Voluptates exercitationem nulla.,2003-06-01,6,0:36:00
AL424,Quas qui facilis.,2016-05-07,8,0:48:00
AL425,Eaque suscipit.,2016-04-22,11,1:06:00
AL426,Qui nisi.,2013-05-03,12,1:12:00
AL427,Est sint aut.,1999-10-08,6,0:36:00
AL428,Harum dolores.,1986-01-03,11,1:06:00
AL429,Neque ab.,1995-04-17,12,1:12:00
AL43,Tempora vel.,2021-08-08,10,1:00:00
AL430,Sed ab doloribus.,2018-06-08,15,1:30:00
AL431,Soluta repellat doloremque.,1999-05-25,6,0:36:00
AL432,Repellat quis dolores.,1996-01-18,1,0:06:00
AL433,Sint ipsam minus.,2022-10-07,15,1:30:00
AL434,Et aut.,2015-02-17,8,0:48:00
AL435,Reiciendis voluptatem.,2018-07-28,7,0:42:00
AL436,Deleniti nemo.,2017-06-28,1,0:06:00
AL437,Quas consequatur ut.,2016-12-03,10,1:00:00
AL438,Sit animi neque.,1986-02-18,7,0:42:00
AL439,Maxime vel illum.,1998-07-01,3,0:18:00
AL44,Quis omnis velit.,2007-05-11,3,0:18:00
AL440,At dolores fuga.,2001-11-11,9,0:54:00
AL441,Excepturi est fugiat.,1997-01-21,8,0:48:00
AL442,Numquam sit.,1987-03-05,11,1:06:00
AL443,Sit modi voluptatibus.,2002-04-23,13,1:18:00
AL444,Neque voluptatem aut.,1982-04-30,10,1:00:00
AL445,Vitae nam accusantium.,2006-02-03,12,1:12:00
AL446,Molestiae minima.,1974-03-27,11,1:06:00
AL447,Voluptate nostrum.,1984-04-15,15,1:30:00
AL448,Facilis aspernatur eveniet.,2018-09-29,12,1:12:00
AL449,Nisi iure eos.,1973-08-09,3,0:18:00
AL45,Corporis ipsam ducimus.,1986-12-25,14,1:24:00
AL450,Eveniet amet.,1976-06-30,1,0:06:00
AL451,Ipsa recusandae adipisci.,1990-12-07,14,1:24:00
AL452,Ducimus eos.,2015-08-09,11,1:06:00
AL453,Nihil tempore itaque.,2015-06-28,8,0:48:00
AL454,Sapiente rerum nulla.,2004-04-23,6,0:36:00
AL455,Deleniti quo.,2001-03-30,14,1:24:00
AL456,Quaerat commodi voluptates.,1985-01-27,14,1:24:00
AL457,Quaerat omnis.,1987-10-14,12,1:12:00
AL458,Ut quasi.,1986-07-09,9,0:54:00
AL459,Repudiandae id quod.,1978-05-10,7,0:42:00
AL46,Voluptatem facilis.,2015-03-04,7,0:42:00
AL460,Ut consequuntur.,2021-10-06,2,0:12:00
AL461,Et nobis ratione.,1999-07-22,11,1:06:00
AL462,Eum quidem velit.,1979-01-15,5,0:30:00
AL463,Sit aut.,1970-04-17,16,1:36:00
AL464,Unde exercitationem nihil.,1986-06-01,10,1:00:00
AL465,Et id.,1993-06-06,10,1:00:00
AL466,Reiciendis aliquid nulla.,1991-05-27,9,0:54:00
AL467,Earum quae.,2000-09-10,4,0:24:00
AL468,Aspernatur autem.,2012-01-21,5,0:30:00
AL469,Atque tempora commodi.,1971-09-21,5,0:30:00
AL47,Inventore quisquam.,1975-05-29,11,1:06:00
AL470,Magni numquam.,1977-03-10,10,1:00:00
AL471,Earum repellat corporis.,1993-06-15,2,0:12:00
AL472,Quo eligendi.,2002-03-13,8,0:48:00
AL473,Optio sit.,2020-06-02,13,1:18:00
AL474,Labore et quisquam.,1970-05-31,4,0:24:00
AL475,Et assumenda.,1980-02-07,11,1:06:00
AL476,Nostrum laudantium sint.,1981-08-28,14,1:24:00
AL477,Excepturi qui ut.,1973-07-26,2,0:12:00
AL478,Et ut.,2005-06-23,13,1:18:00
AL479,Nisi sint quis.,1974-03-19,13,1:18:00
AL48,Et dolores facere.,1994-12-27,16,1:36:00
AL480,Et quaerat corrupti.,1994-11-21,12,1:12:00
AL481,Ea soluta.,2011-11-14,5,0:30:00
AL482,Architecto et laborum.,1973-12-01,6,0:36:00
AL483,Officia commodi.,2013-12-02,2,0:12:00
AL484,Fugit explicabo natus.,2010-01-05,9,0:54:00
AL485,Architecto suscipit perferendis.,2005-07-18,1,0:06:00
AL486,Cum dolores nostrum.,1989-10-31,9,0:54:00
AL487,Exercitationem enim.,1995-06-11,12,1:12:00
AL488,Vitae voluptatem eius.,1987-10-21,2,0:12:00
AL489,Laborum reprehenderit vero.,1972-01-28,13,1:18:00
AL49,Optio corporis.,1983-01-21,6,0:36:00
AL490,Rerum quo.,2019-11-01,9,0:54:00
AL491,Tenetur dolorem.,1998-08-01,10,1:00:00
AL492,Ab praesentium accusamus.,1995-05-13,15,1:30:00
AL493,Tenetur reiciendis.,1997-10-23,3,0:18:00
AL494,Quia nisi et.,1976-05-01,16,1:36:00
AL495,Nihil magnam.,1976-04-23,9,0:54:00
AL496,Sint non.,1976-10-25,4,0:24:00
AL497,Eligendi incidunt consectetur.,2023-03-10,3,0:18:00
AL498,Sit impedit.,1982-03-22,1,0:06:00
AL499,Id expedita.,2007-11-26,6,0:36:00
AL5,Eaque ducimus repudiandae.,1990-08-31,5,0:30:00
AL50,Eaque voluptate.,1996-08-07,5,0:30:00
AL500,Harum repellendus quia.,1992-12-21,9,0:54:00
AL51,Animi non.,2015-05-15,11,1:06:00
AL52,Et laudantium at.,1990-10-22,15,1:30:00
AL53,Fugiat ut.,2013-06-20,8,0:48:00
AL54,Mollitia repudiandae non.,1973-06-15,8,0:48:00
AL55,Quia facere molestiae.,1970-06-29,16,1:36:00
AL56,Ea est accusantium.,2003-03-30,5,0:30:00
AL57,Voluptatum architecto dolor.,2011-01-14,13,1:18:00
AL58,Aut repellendus ut.,1983-12-11,11,1:06:00
AL59,Reiciendis magni.,1991-03-16,9,0:54:00
AL6,Assumenda mollitia.,1979-01-02,16,1:36:00
AL60,Perspiciatis maxime exercitationem.,2015-04-01,16,1:36:00
AL61,Hic provident.,2015-09-26,14,1:24:00
AL62,Quo fugit.,1994-11-18,16,1:36:00
AL63,Nemo autem.,1995-12-04,5,0:30:00
AL64,Qui dolorem.,1985-11-15,5,0:30:00
AL65,Incidunt itaque.,1974-01-06,16,1:36:00
AL66,Ducimus veniam assumenda.,1984-07-31,16,1:36:00
AL67,Quidem officia.,1971-03-24,1,0:06:00
AL68,Dignissimos autem.,1970-07-02,7,0:42:00
AL69,Nostrum quae qui.,2016-05-09,3,0:18:00
AL7,Ipsa error.,2005-09-13,5,0:30:00
AL70,Nulla dolorem eum.,2002-05-24,12,1:12:00
AL71,Error et.,2017-11-28,5,0:30:00
AL72,Dignissimos non.,1978-04-07,7,0:42:00
AL73,Repellendus perferendis a.,1997-11-06,9,0:54:00
AL74,Recusandae voluptatibus quas.,1999-08-12,6,0:36:00
AL75,Rerum soluta dolorem.,1985-05-05,16,1:36:00
AL76,Unde deleniti.,1991-08-10,8,0:48:00
AL77,Quisquam nostrum et.,1994-06-27,13,1:18:00
AL78,Ea nisi pariatur.,1978-11-07,3,0:18:00
AL79,Quam earum.,2009-08-30,3,0:18:00
AL8,Aut mollitia quasi.,1994-10-16,13,1:18:00
AL80,Et culpa.,1991-10-24,10,1:00:00
AL81,Nisi dolores.,2005-06-28,11,1:06:00
AL82,Eos asperiores.,2010-02-12,14,1:24:00
AL83,Ratione porro excepturi.,1995-02-10,9,0:54:00
AL84,Voluptatem voluptatem et.,1971-03-10,5,0:30:00
AL85,Voluptatem commodi.,1994-04-04,11,1:06:00
AL86,Ipsa temporibus id.,1977-08-31,2,0:12:00
AL87,Et atque.,1991-05-08,9,0:54:00
AL88,Est quia.,1985-09-12,14,1:24:00
AL89,Aut commodi.,1989-05-21,5,0:30:00
AL9,Et aut veniam.,1991-04-13,9,0:54:00
AL90,Molestiae voluptatem.,2002-03-24,12,1:12:00
AL91,Dolor maxime.,2020-07-27,9,0:54:00
AL92,Illum non.,2014-04-20,8,0:48:00
AL93,Molestiae aut eos.,2019-07-31,16,1:36:00
AL94,Tempora placeat ratione.,1977-02-05,3,0:18:00
AL95,Ut quia et.,1999-04-19,5,0:30:00
AL96,Quis fugiat.,2014-04-13,5,0:30:00
AL97,Quis perferendis.,2004-04-14,14,1:24:00
AL98,Aliquid neque.,1977-07-15,1,0:06:00
AL99,Minima et laudantium.,2002-07-06,2,0:12:00
