 id,name,num_song,duration
PL1,Animi id.,38,3:48:00
PL10,Asperiores id ducimus.,68,6:48:00
PL100,Assumenda harum.,25,2:30:00
PL101,Est quibusdam aut.,56,5:36:00
PL102,Suscipit molestiae.,74,7:24:00
PL103,Eveniet est.,71,7:06:00
PL104,Distinctio iusto.,27,2:42:00
PL105,Aut aut eos.,3,0:18:00
PL106,Voluptates commodi.,95,9:30:00
PL107,Exercitationem corporis.,84,8:24:00
PL108,Non et.,35,3:30:00
PL109,Quis sit sit.,37,3:42:00
PL11,Voluptas ullam ut.,14,1:24:00
PL110,In reiciendis.,17,1:42:00
PL111,Sit voluptates et.,56,5:36:00
PL112,Esse voluptatem.,69,6:54:00
PL113,Eum aut similique.,29,2:54:00
PL114,Impedit est.,45,4:30:00
PL115,Maiores minus.,48,4:48:00
PL116,Placeat tenetur.,24,2:24:00
PL117,Et aut debitis.,14,1:24:00
PL118,Mollitia omnis.,24,2:24:00
PL119,Et eveniet.,89,8:54:00
PL12,Sint saepe sit.,70,7:00:00
PL120,Ea beatae.,17,1:42:00
PL121,Quia nam praesentium.,84,8:24:00
PL122,Distinctio asperiores.,67,6:42:00
PL123,Ipsum et qui.,79,7:54:00
PL124,Ex quo.,99,9:54:00
PL125,Et dolor quae.,64,6:24:00
PL126,Asperiores sit.,71,7:06:00
PL127,Dolore molestiae delectus.,36,3:36:00
PL128,Dolores praesentium veniam.,4,0:24:00
PL129,Similique a mollitia.,48,4:48:00
PL13,Incidunt exercitationem.,78,7:48:00
PL130,Sunt esse.,27,2:42:00
PL131,Saepe reprehenderit nemo.,52,5:12:00
PL132,Fuga libero.,72,7:12:00
PL133,Accusamus eligendi aspernatur.,56,5:36:00
PL134,Possimus dicta.,54,5:24:00
PL135,Esse enim modi.,34,3:24:00
PL136,Aut quia.,7,0:42:00
PL137,Debitis ab aspernatur.,95,9:30:00
PL138,Impedit tenetur sed.,34,3:24:00
PL139,Optio debitis.,76,7:36:00
PL14,Quis nihil ut.,100,10:00:00
PL140,Pariatur corrupti.,55,5:30:00
PL141,Qui dolor.,40,4:00:00
PL142,Id facere.,97,9:42:00
PL143,Est hic.,99,9:54:00
PL144,Qui ad aperiam.,3,0:18:00
PL145,Et quia.,30,3:00:00
PL146,Et et adipisci.,9,0:54:00
PL147,Recusandae omnis corporis.,64,6:24:00
PL148,Nemo ab.,4,0:24:00
PL149,Nihil aperiam eaque.,39,3:54:00
PL15,Velit quo.,68,6:48:00
PL150,Ut modi unde.,30,3:00:00
PL151,Occaecati quo.,7,0:42:00
PL152,Non et.,77,7:42:00
PL153,Dolores qui.,98,9:48:00
PL154,Rerum qui.,6,0:36:00
PL155,Et voluptas cupiditate.,36,3:36:00
PL156,Id aut.,34,3:24:00
PL157,Eius ab at.,83,8:18:00
PL158,Consequatur iste qui.,13,1:18:00
PL159,Culpa cum.,72,7:12:00
PL16,Amet et et.,96,9:36:00
PL160,Hic beatae.,4,0:24:00
PL161,Eaque et.,73,7:18:00
PL162,Beatae saepe voluptate.,72,7:12:00
PL163,Consequuntur voluptates.,30,3:00:00
PL164,Et fuga ut.,13,1:18:00
PL165,Porro voluptatem.,54,5:24:00
PL166,Accusantium vel.,51,5:06:00
PL167,Reiciendis aut et.,57,5:42:00
PL168,Sint omnis.,69,6:54:00
PL169,Rerum sint.,6,0:36:00
PL17,Est minus repellendus.,100,10:00:00
PL170,Est nesciunt veniam.,77,7:42:00
PL171,Rerum amet molestiae.,9,0:54:00
PL172,Fugit fugit est.,74,7:24:00
PL173,Praesentium modi.,59,5:54:00
PL174,Quam facilis asperiores.,30,3:00:00
PL175,Sit sequi.,48,4:48:00
PL176,Velit quis.,34,3:24:00
PL177,Vero similique consequuntur.,39,3:54:00
PL178,Iusto ex.,43,4:18:00
PL179,Doloribus alias praesentium.,49,4:54:00
PL18,Et ipsam.,30,3:00:00
PL180,Veniam ipsa.,63,6:18:00
PL181,Incidunt consequatur quaerat.,75,7:30:00
PL182,Similique officiis ipsa.,20,2:00:00
PL183,Error non.,56,5:36:00
PL184,Suscipit animi.,53,5:18:00
PL185,Culpa voluptatem.,71,7:06:00
PL186,Quam quisquam.,73,7:18:00
PL187,Animi quibusdam nobis.,69,6:54:00
PL188,A qui.,10,1:00:00
PL189,Qui voluptatem qui.,29,2:54:00
PL19,Optio ducimus incidunt.,19,1:54:00
PL190,Voluptatem quod.,5,0:30:00
PL191,Delectus qui.,28,2:48:00
PL192,Quidem ullam repellat.,52,5:12:00
PL193,Voluptatem velit.,87,8:42:00
PL194,Reprehenderit repellendus.,42,4:12:00
PL195,Et consequuntur.,67,6:42:00
PL196,Quasi placeat sapiente.,39,3:54:00
PL197,Et eum est.,40,4:00:00
PL198,Saepe vitae non.,77,7:42:00
PL199,Deleniti corporis voluptas.,36,3:36:00
PL2,Cupiditate facere odio.,0,0:00:00
PL20,Necessitatibus ipsa et.,1,0:06:00
PL200,Quo natus.,0,0:00:00
PL201,Sequi modi.,97,9:42:00
PL202,Quod inventore ut.,98,9:48:00
PL203,Delectus consequuntur.,14,1:24:00
PL204,Voluptatibus voluptatum.,59,5:54:00
PL205,Quam eius.,19,1:54:00
PL206,Saepe eum.,99,9:54:00
PL207,Nostrum porro et.,73,7:18:00
PL208,Magnam velit.,67,6:42:00
PL209,Culpa quisquam.,31,3:06:00
PL21,Amet eaque error.,54,5:24:00
PL210,Aut dolor.,36,3:36:00
PL211,Et nisi exercitationem.,42,4:12:00
PL212,Illo tempora voluptas.,46,4:36:00
PL213,Voluptatum nulla.,15,1:30:00
PL214,Quia molestiae.,25,2:30:00
PL215,Totam qui.,61,6:06:00
PL216,Numquam sint voluptatum.,11,1:06:00
PL217,Ea a saepe.,19,1:54:00
PL218,Et similique.,75,7:30:00
PL219,Quis nihil consequatur.,84,8:24:00
PL22,Tempora et.,92,9:12:00
PL220,Eius aspernatur.,26,2:36:00
PL221,Iure et harum.,29,2:54:00
PL222,Ut aut.,27,2:42:00
PL223,Eum eaque suscipit.,78,7:48:00
PL224,Sed voluptate.,21,2:06:00
PL225,Aperiam dignissimos.,56,5:36:00
PL226,Dolores dolor.,78,7:48:00
PL227,At rerum et.,15,1:30:00
PL228,Veniam expedita occaecati.,69,6:54:00
PL229,Quo at.,5,0:30:00
PL23,Quis incidunt recusandae.,75,7:30:00
PL230,Officia itaque aut.,17,1:42:00
PL231,Eos consectetur nulla.,20,2:00:00
PL232,Nesciunt amet.,27,2:42:00
PL233,Necessitatibus debitis qui.,86,8:36:00
PL234,Autem dolores aspernatur.,47,4:42:00
PL235,Voluptatem voluptate deserunt.,50,5:00:00
PL236,Officiis eum asperiores.,48,4:48:00
PL237,Nesciunt cum pariatur.,87,8:42:00
PL238,Quam autem quibusdam.,40,4:00:00
PL239,Corrupti maxime nesciunt.,77,7:42:00
PL24,Dicta minus.,11,1:06:00
PL240,Commodi est numquam.,66,6:36:00
PL241,Beatae quisquam.,32,3:12:00
PL242,Quis sed odio.,99,9:54:00
PL243,Laborum repudiandae.,18,1:48:00
PL244,Nihil maiores modi.,3,0:18:00
PL245,Voluptatem est soluta.,99,9:54:00
PL246,Blanditiis est enim.,4,0:24:00
PL247,Voluptatem veniam dolores.,5,0:30:00
PL248,Sint distinctio molestiae.,9,0:54:00
PL249,Deserunt qui quod.,0,0:00:00
PL25,Et beatae asperiores.,14,1:24:00
PL250,Minus perferendis.,77,7:42:00
PL251,Id blanditiis id.,23,2:18:00
PL252,Velit aut nulla.,50,5:00:00
PL253,Ut nulla voluptatem.,52,5:12:00
PL254,Odit non iste.,3,0:18:00
PL255,Laudantium dignissimos.,16,1:36:00
PL256,In omnis.,83,8:18:00
PL257,Voluptatum ea aliquid.,22,2:12:00
PL258,Earum eaque.,90,9:00:00
PL259,At nulla dolor.,99,9:54:00
PL26,Qui temporibus.,97,9:42:00
PL260,Voluptas laborum voluptas.,13,1:18:00
PL261,Velit quos provident.,3,0:18:00
PL262,Consequatur iure officiis.,76,7:36:00
PL263,Harum saepe aut.,72,7:12:00
PL264,Odit dolorem.,10,1:00:00
PL265,Eius non.,35,3:30:00
PL266,Dolor eum.,82,8:12:00
PL267,Unde omnis.,64,6:24:00
PL268,Odio id commodi.,97,9:42:00
PL269,Molestias eveniet.,16,1:36:00
PL27,Expedita exercitationem aut.,75,7:30:00
PL270,Dolorum voluptatibus qui.,60,6:00:00
PL271,Minima voluptatem.,21,2:06:00
PL272,Cupiditate omnis.,22,2:12:00
PL273,Adipisci aspernatur omnis.,20,2:00:00
PL274,Adipisci aliquam.,97,9:42:00
PL275,Modi impedit.,40,4:00:00
PL276,Aut quae a.,68,6:48:00
PL277,Sed eveniet.,80,8:00:00
PL278,Dolor minima doloribus.,80,8:00:00
PL279,Hic aut.,82,8:12:00
PL28,Cumque sed aut.,98,9:48:00
PL280,Eum qui.,20,2:00:00
PL281,Voluptatum repellat sit.,81,8:06:00
PL282,Sit suscipit.,54,5:24:00
PL283,Eaque modi aliquid.,97,9:42:00
PL284,Qui voluptatem sequi.,56,5:36:00
PL285,Ut sapiente.,45,4:30:00
PL286,Tempora et.,35,3:30:00
PL287,Aliquam provident.,86,8:36:00
PL288,Aut quia exercitationem.,25,2:30:00
PL289,Ipsam laboriosam voluptas.,70,7:00:00
PL29,Quisquam repellendus voluptas.,10,1:00:00
PL290,Sed est fugit.,92,9:12:00
PL291,Quam non.,49,4:54:00
PL292,Eos omnis.,14,1:24:00
PL293,Nam est consequatur.,42,4:12:00
PL294,Consectetur fuga.,100,10:00:00
PL295,Deserunt dolorem.,55,5:30:00
PL296,Aut sed vitae.,82,8:12:00
PL297,Quia tempora.,84,8:24:00
PL298,Dolorum dolorum.,28,2:48:00
PL299,Beatae enim praesentium.,70,7:00:00
PL3,Sapiente ut qui.,94,9:24:00
PL30,Impedit alias.,54,5:24:00
PL300,Vel aliquid.,48,4:48:00
PL301,Id adipisci eos.,15,1:30:00
PL302,Non eum.,43,4:18:00
PL303,Voluptas sunt.,10,1:00:00
PL304,Quo dolor.,87,8:42:00
PL305,Qui qui.,82,8:12:00
PL306,Qui quia veniam.,75,7:30:00
PL307,Quam saepe rerum.,98,9:48:00
PL308,Harum occaecati voluptates.,67,6:42:00
PL309,Dolore enim alias.,9,0:54:00
PL31,Modi ut.,52,5:12:00
PL310,Dolorum qui.,9,0:54:00
PL311,Et sed.,4,0:24:00
PL312,Et quia quibusdam.,76,7:36:00
PL313,Ipsum vero.,12,1:12:00
PL314,Accusantium labore nam.,2,0:12:00
PL315,Repellat accusantium.,98,9:48:00
PL316,Eum architecto sunt.,7,0:42:00
PL317,Autem officiis similique.,99,9:54:00
PL318,Ab et nobis.,99,9:54:00
PL319,Nisi voluptate.,28,2:48:00
PL32,Alias consectetur excepturi.,20,2:00:00
PL320,Soluta omnis rerum.,92,9:12:00
PL321,Tenetur sequi temporibus.,94,9:24:00
PL322,Nesciunt accusantium.,95,9:30:00
PL323,Tempora est.,86,8:36:00
PL324,Sed distinctio.,49,4:54:00
PL325,Ut voluptatum.,33,3:18:00
PL326,Assumenda modi hic.,99,9:54:00
PL327,Ut nihil.,74,7:24:00
PL328,Iure amet est.,76,7:36:00
PL329,Quasi reprehenderit distinctio.,93,9:18:00
PL33,Animi occaecati libero.,5,0:30:00
PL330,Omnis quas eius.,6,0:36:00
PL331,Aut hic nihil.,3,0:18:00
PL332,Quam eos.,45,4:30:00
PL333,Nihil explicabo.,98,9:48:00
PL334,Ex et non.,6,0:36:00
PL335,Totam occaecati assumenda.,33,3:18:00
PL336,Qui earum id.,45,4:30:00
PL337,Cupiditate esse officiis.,36,3:36:00
PL338,Quae itaque qui.,17,1:42:00
PL339,Culpa maiores.,2,0:12:00
PL34,Qui illum et.,15,1:30:00
PL340,Quod ut.,96,9:36:00
PL341,Porro odio qui.,89,8:54:00
PL342,Eligendi architecto.,40,4:00:00
PL343,Et est.,41,4:06:00
PL344,Quisquam animi ab.,51,5:06:00
PL345,Temporibus voluptas.,19,1:54:00
PL346,Quas unde.,18,1:48:00
PL347,Repellat distinctio beatae.,88,8:48:00
PL348,Quo explicabo recusandae.,69,6:54:00
PL349,Aut ut ut.,97,9:42:00
PL35,Aut dolores.,87,8:42:00
PL350,Quia voluptas ea.,99,9:54:00
PL351,Molestiae sequi.,87,8:42:00
PL352,Vel voluptatem.,49,4:54:00
PL353,Repellat esse.,53,5:18:00
PL354,Quaerat sapiente ut.,57,5:42:00
PL355,Dolor quas.,3,0:18:00
PL356,Blanditiis qui et.,95,9:30:00
PL357,Voluptas et.,97,9:42:00
PL358,Consequatur quasi.,12,1:12:00
PL359,Consequatur et fugit.,75,7:30:00
PL36,Magnam officiis quo.,10,1:00:00
PL360,Vel iste.,67,6:42:00
PL361,Corporis at.,16,1:36:00
PL362,Laborum dolores veniam.,14,1:24:00
PL363,Totam nemo.,25,2:30:00
PL364,Ipsam ut.,5,0:30:00
PL365,Omnis quos inventore.,28,2:48:00
PL366,Ipsam nisi.,0,0:00:00
PL367,Aspernatur qui nihil.,63,6:18:00
PL368,Quibusdam et iste.,77,7:42:00
PL369,Ut id beatae.,9,0:54:00
PL37,Accusantium ut voluptatibus.,65,6:30:00
PL370,Perferendis deserunt eos.,92,9:12:00
PL371,Doloribus eum.,39,3:54:00
PL372,Quia odio voluptatem.,72,7:12:00
PL373,Fuga quod.,67,6:42:00
PL374,Vero ullam quia.,28,2:48:00
PL375,Quasi fugit suscipit.,22,2:12:00
PL376,Sequi fugit et.,73,7:18:00
PL377,Laudantium quia.,7,0:42:00
PL378,Occaecati minima tempore.,31,3:06:00
PL379,Qui dolore.,80,8:00:00
PL38,Qui cupiditate.,35,3:30:00
PL380,Earum est iure.,0,0:00:00
PL381,Eveniet eum ipsam.,39,3:54:00
PL382,Omnis adipisci.,59,5:54:00
PL383,Sed voluptate consequatur.,16,1:36:00
PL384,Omnis provident velit.,35,3:30:00
PL385,Velit sunt.,84,8:24:00
PL386,Aperiam eos.,72,7:12:00
PL387,Ullam at.,95,9:30:00
PL388,Qui qui.,56,5:36:00
PL389,Sapiente magnam.,0,0:00:00
PL39,Quasi molestiae.,4,0:24:00
PL390,Aspernatur doloremque.,26,2:36:00
PL391,Natus cumque.,41,4:06:00
PL392,Sit iste.,52,5:12:00
PL393,Vero mollitia officiis.,66,6:36:00
PL394,Blanditiis est ab.,76,7:36:00
PL395,Et nostrum perspiciatis.,89,8:54:00
PL396,Architecto molestiae voluptates.,8,0:48:00
PL397,Accusantium et et.,27,2:42:00
PL398,Asperiores saepe.,45,4:30:00
PL399,Incidunt qui.,25,2:30:00
PL4,Dignissimos cumque.,25,2:30:00
PL40,Rerum dolor.,37,3:42:00
PL400,Aspernatur culpa qui.,93,9:18:00
PL401,Nisi iure qui.,54,5:24:00
PL402,Voluptatem natus laudantium.,15,1:30:00
PL403,In dolor recusandae.,55,5:30:00
PL404,Qui labore.,72,7:12:00
PL405,Illo aliquid sit.,54,5:24:00
PL406,Vero quis.,56,5:36:00
PL407,Hic harum.,70,7:00:00
PL408,Maiores dicta dolorum.,52,5:12:00
PL409,Quam facilis odio.,86,8:36:00
PL41,Tenetur consequatur id.,53,5:18:00
PL410,Ea est.,4,0:24:00
PL411,Aut quibusdam.,35,3:30:00
PL412,Enim ducimus deserunt.,97,9:42:00
PL413,Illum nam ea.,90,9:00:00
PL414,Dolorum facilis et.,79,7:54:00
PL415,Quis deleniti.,1,0:06:00
PL416,Adipisci dolor.,21,2:06:00
PL417,Quia optio.,63,6:18:00
PL418,Natus perferendis.,67,6:42:00
PL419,Dolorem amet.,42,4:12:00
PL42,Illum rerum.,75,7:30:00
PL420,In atque.,42,4:12:00
PL421,Aut labore.,38,3:48:00
PL422,Earum quo.,51,5:06:00
PL423,Velit facilis voluptatem.,38,3:48:00
PL424,Omnis mollitia a.,60,6:00:00
PL425,Nemo ea a.,15,1:30:00
PL426,Saepe libero.,70,7:00:00
PL427,Maxime itaque.,76,7:36:00
PL428,Laborum et.,27,2:42:00
PL429,Amet voluptatem.,27,2:42:00
PL43,Explicabo voluptates at.,70,7:00:00
PL430,Non blanditiis perferendis.,3,0:18:00
PL431,Vel est.,96,9:36:00
PL432,Non laborum.,30,3:00:00
PL433,Minus omnis sequi.,97,9:42:00
PL434,Itaque et et.,57,5:42:00
PL435,Eum quisquam reiciendis.,2,0:12:00
PL436,Ducimus rerum veniam.,74,7:24:00
PL437,Et minima.,71,7:06:00
PL438,Sit ducimus.,62,6:12:00
PL439,Unde debitis.,74,7:24:00
PL44,Libero et.,68,6:48:00
PL440,Consectetur excepturi dolores.,16,1:36:00
PL441,Illum exercitationem in.,59,5:54:00
PL442,Dolorum incidunt.,31,3:06:00
PL443,Tempora dolorem.,26,2:36:00
PL444,Voluptatem numquam et.,60,6:00:00
PL445,Veniam ipsam cumque.,74,7:24:00
PL446,Veritatis velit.,27,2:42:00
PL447,Modi dolor aliquid.,75,7:30:00
PL448,Ea quidem.,45,4:30:00
PL449,Rerum consequuntur.,2,0:12:00
PL45,Nihil a eligendi.,93,9:18:00
PL450,Voluptatibus error dolorem.,79,7:54:00
PL451,Omnis et.,55,5:30:00
PL452,Ut aperiam.,18,1:48:00
PL453,In iste suscipit.,0,0:00:00
PL454,Consequuntur et ut.,20,2:00:00
PL455,Consequatur quia.,69,6:54:00
PL456,Aut sed.,66,6:36:00
PL457,Qui neque dolores.,71,7:06:00
PL458,Expedita vel enim.,11,1:06:00
PL459,Reprehenderit dicta qui.,12,1:12:00
PL46,Magni saepe.,22,2:12:00
PL460,Quia velit dolores.,60,6:00:00
PL461,Rerum deserunt.,73,7:18:00
PL462,Necessitatibus et quisquam.,46,4:36:00
PL463,Vitae voluptatibus quasi.,6,0:36:00
PL464,Omnis voluptatem.,86,8:36:00
PL465,Quia commodi.,66,6:36:00
PL466,Ipsa eligendi laboriosam.,75,7:30:00
PL467,Provident similique atque.,66,6:36:00
PL468,Porro id esse.,48,4:48:00
PL469,Et dolores itaque.,83,8:18:00
PL47,Expedita natus.,40,4:00:00
PL470,Nulla rerum.,73,7:18:00
PL471,Minima ratione.,53,5:18:00
PL472,Deleniti eos.,76,7:36:00
PL473,Sed quasi.,78,7:48:00
PL474,Aliquid enim quia.,8,0:48:00
PL475,Facilis et omnis.,85,8:30:00
PL476,Quae provident modi.,97,9:42:00
PL477,Qui aut voluptas.,58,5:48:00
PL478,Nam voluptas.,67,6:42:00
PL479,Voluptate doloribus nemo.,59,5:54:00
PL48,Rerum vel maxime.,72,7:12:00
PL480,Earum dignissimos voluptas.,99,9:54:00
PL481,Est facere.,33,3:18:00
PL482,Nisi ut occaecati.,84,8:24:00
PL483,Corrupti ea et.,49,4:54:00
PL484,Nemo doloremque adipisci.,42,4:12:00
PL485,Nostrum voluptatibus.,35,3:30:00
PL486,Consequatur hic magni.,46,4:36:00
PL487,Facilis voluptatem in.,87,8:42:00
PL488,Accusantium veritatis harum.,69,6:54:00
PL489,Incidunt excepturi sed.,32,3:12:00
PL49,Quam dolorum amet.,14,1:24:00
PL490,Fugit placeat.,1,0:06:00
PL491,Amet culpa.,99,9:54:00
PL492,Voluptatem autem.,34,3:24:00
PL493,Possimus quam aut.,74,7:24:00
PL494,Ut quia.,81,8:06:00
PL495,In esse.,3,0:18:00
PL496,Aperiam aliquid.,5,0:30:00
PL497,Alias aut saepe.,86,8:36:00
PL498,Totam velit delectus.,21,2:06:00
PL499,Quo qui.,83,8:18:00
PL5,Voluptatum rerum qui.,66,6:36:00
PL50,Amet placeat.,93,9:18:00
PL500,Quos et.,60,6:00:00
PL51,Officia alias.,15,1:30:00
PL52,Aliquam expedita.,50,5:00:00
PL53,Fugiat omnis.,94,9:24:00
PL54,Minima veritatis.,91,9:06:00
PL55,Asperiores voluptatibus cumque.,45,4:30:00
PL56,Repellat aut at.,91,9:06:00
PL57,Repellendus eum incidunt.,52,5:12:00
PL58,Maiores hic expedita.,75,7:30:00
PL59,Quam consequuntur esse.,24,2:24:00
PL6,Consequatur laborum.,83,8:18:00
PL60,Eos facere.,89,8:54:00
PL61,Dicta accusantium inventore.,42,4:12:00
PL62,Quia velit eos.,81,8:06:00
PL63,Numquam rem.,50,5:00:00
PL64,Harum voluptas.,84,8:24:00
PL65,Magni fugiat.,82,8:12:00
PL66,Aut quo.,96,9:36:00
PL67,Labore quibusdam distinctio.,93,9:18:00
PL68,Fuga sunt recusandae.,19,1:54:00
PL69,Et blanditiis quo.,47,4:42:00
PL7,Amet dolor.,32,3:12:00
PL70,Sed velit error.,50,5:00:00
PL71,Labore repudiandae quis.,72,7:12:00
PL72,Corporis iste neque.,2,0:12:00
PL73,Quidem labore iure.,1,0:06:00
PL74,Aperiam voluptatibus nobis.,51,5:06:00
PL75,Quibusdam assumenda eligendi.,48,4:48:00
PL76,Tempora labore.,82,8:12:00
PL77,Dolor libero.,54,5:24:00
PL78,Exercitationem sed velit.,54,5:24:00
PL79,Fuga omnis.,89,8:54:00
PL8,Omnis odio.,57,5:42:00
PL80,Aliquid aut.,34,3:24:00
PL81,Corporis ut.,63,6:18:00
PL82,Aut enim.,50,5:00:00
PL83,Repellat delectus labore.,61,6:06:00
PL84,Delectus ratione.,100,10:00:00
PL85,Earum dolores at.,16,1:36:00
PL86,Itaque animi corrupti.,72,7:12:00
PL87,Necessitatibus quo.,58,5:48:00
PL88,Perspiciatis ipsa adipisci.,51,5:06:00
PL89,Laborum enim.,20,2:00:00
PL9,Quod temporibus sunt.,84,8:24:00
PL90,Accusamus magnam consequatur.,62,6:12:00
PL91,Officiis vel.,21,2:06:00
PL92,Odit rerum aspernatur.,61,6:06:00
PL93,Non voluptatum.,76,7:36:00
PL94,Vitae expedita.,29,2:54:00
PL95,Assumenda distinctio.,82,8:12:00
PL96,Voluptatibus ipsum sint.,67,6:42:00
PL97,Rerum pariatur.,27,2:42:00
PL98,Adipisci mollitia.,62,6:12:00
PL99,Porro molestias praesentium.,32,3:12:00
